comment,noun,noun_count,sum_noun,verb,verb_count,sum_verb,adj,adj_count,sum_adj,adv,adv_count,sum_adv
"[['(จุด - NOUN)', '(ชม - VERB)', '(วิ - VERB)', '(วดี - NOUN)'], ['(แต่ - CCONJ)', '(ควร - VERB)', '(เดิน - VERB)', '(ลง - PART)', '(ไป - PART)', '(ที่ - ADP)', '(ชายฝั่ง - NOUN)', '(ใกล้ - ADV)', '(ๆ - SYM)'], ['(ใช้ - VERB)', '(เวลา - NOUN)', '(ประมาณ - ADV)', '(สี่ - NUM)', '(สิบ - NUM)', '(ห้า - NUM)', '(หก - NUM)', '(สิบ - NUM)', '(นาที - NOUN)', '(เพื่อ - ADP)', '(ให้ - VERB)', '(เส้นทาง - VERB)', '(เล็ก - ADJ)', '(ๆ - SYM)'], ['(คุ้มค่า - NOUN)']]","{'(จุด - NOUN)': 1, '(วดี - NOUN)': 1, '(ชายฝั่ง - NOUN)': 1, '(เวลา - NOUN)': 1, '(นาที - NOUN)': 1, '(คุ้มค่า - NOUN)': 1}",6,6,"{'(ชม - VERB)': 1, '(วิ - VERB)': 1, '(ควร - VERB)': 1, '(เดิน - VERB)': 1, '(ใช้ - VERB)': 1, '(ให้ - VERB)': 1, '(เส้นทาง - VERB)': 1}",7,7,{'(เล็ก - ADJ)': 1},1,1,"{'(ใกล้ - ADV)': 1, '(ประมาณ - ADV)': 1}",2,2
"[['(จุด - NOUN)', '(ชม - VERB)', '(วิว - VERB)', '(ที่ - ADP)', '(น่าตื่นตาตื่นใจ - VERB)']]",{'(จุด - NOUN)': 1},1,1,"{'(ชม - VERB)': 1, '(วิว - VERB)': 1, '(น่าตื่นตาตื่นใจ - VERB)': 1}",3,3,{},0,0,{},0,0
"[['(คน - NOUN)', '(เยอะ - ADJ)', '(มาก - ADV)', '(มัน - PRON)', '(แออัด - VERB)', '(มาก - ADV)', '(มัน - PRON)', '(ไร้สาระ - VERB)'], ['(เป็นบ้า - PROPN)', '(ที่ - DET)', '(พยายาม - VERB)', '(ดึง - VERB)', '(คน - NOUN)', '(ที่ผ่านมา - ADJ)', '(และ - CCONJ)', '(พระอาทิตย์ - NOUN)', '(ตก - VERB)', '(*แตกต่าง - VERB)', '(จาก - ADP)', '(ที่อื่น - NOUN)'], ['(*คุ้ม - VERB)', '(ที่ - ADP)', '(จะ - VERB)', '(ไป - PART)', '(เมื่อ - ADP)', '(แออัด - PROPN)']]","{'(คน - NOUN)': 2, '(พระอาทิตย์ - NOUN)': 1, '(ที่อื่น - NOUN)': 1}",3,4,"{'(แออัด - VERB)': 1, '(ไร้สาระ - VERB)': 1, '(พยายาม - VERB)': 1, '(ดึง - VERB)': 1, '(ตก - VERB)': 1, '(*แตกต่าง - VERB)': 1, '(*คุ้ม - VERB)': 1, '(จะ - VERB)': 1}",8,8,"{'(เยอะ - ADJ)': 1, '(ที่ผ่านมา - ADJ)': 1}",2,2,{'(มาก - ADV)': 2},1,2
"[['(จุด - NOUN)', '(ชม - VERB)', '(พระอาทิตย์ - NOUN)', '(ตก - VERB)', '(ที่ - DET)', '(สวยงาม - ADJ)', '(ของ - ADP)', '(ภูเก็ต - NOUN)', '(ประเทศ - NOUN)', '(ไทย - PROPN)'], ['(ขับรถ - NOUN)', '(จาก - ADP)', '(ตัวเมือง - NOUN)', '(ภูเก็ต - NOUN)', '(ประมาณ - ADV)', '(สาม - NUM)', '(สิบ - NUM)', '(นาที - NOUN)'], ['(มัน - PRON)', '(สมบูรณ์แบบ - VERB)']]","{'(จุด - NOUN)': 1, '(พระอาทิตย์ - NOUN)': 1, '(ภูเก็ต - NOUN)': 2, '(ประเทศ - NOUN)': 1, '(ขับรถ - NOUN)': 1, '(ตัวเมือง - NOUN)': 1, '(นาที - NOUN)': 1}",7,8,"{'(ชม - VERB)': 1, '(ตก - VERB)': 1, '(สมบูรณ์แบบ - VERB)': 1}",3,3,{'(สวยงาม - ADJ)': 1},1,1,{'(ประมาณ - ADV)': 1},1,1
"[['(สถานที่ - NOUN)', '(ที่ - DET)', '(ดี - ADJ)', '(ที่สุด - ADV)', '(ใน - ADP)', '(การ - NOUN)', '(ชม - NOUN)', '(พระอาทิตย์ - NOUN)', '(ตก - VERB)', '(ใน - ADP)', '(จังหวัด - NOUN)', '(ภูเก็ต - NOUN)', '(เป็น - AUX)', '(จุด - NOUN)', '(ชม - VERB)', '(วิว - VERB)', '(ที่ - ADP)', '(สวยงาม - ADJ)'], ['(คุณ - PRON)', '(ควร - VERB)', '(ไป - VERB)', '(ถึง - ADP)', '(ครึ่งชั่วโมง - VERB)', '(ก่อน - ADP)', '(ถึง - ADP)', '(พระอาทิตย์ - NOUN)', '(ตก - VERB)', '(เพื่อ - ADP)', '(ดู - VERB)', '(ความ - NOUN)', '(งาม - NOUN)', '(ที่ - DET)', '(แท้จริง - ADJ)'], ['(มี - VERB)', '(ฝูงชน - NOUN)', '(มากมาย - ADJ)', '(ดังนั้น - DET)', '(หา - VERB)', '(สถานที่ - NOUN)', '(ที่ - DET)', '(ดี - ADJ)', '(ที่สุด - ADV)', '(ของ - ADP)', '(คุณ - PRON)', '(เพื่อ - ADP)', '(ชม - VERB)', '(พระอาทิตย์ - NOUN)', '(ตก - VERB)'], ['(คุณ - PRON)', '(ได้ - VERB)', '(ทุก - DET)', '(อย่าง - NOUN)', '(เพื่อ - ADP)', '(กิน - VERB)', '(ใกล้ - NOUN)', '(จุด - NOUN)', '(นี้ - DET)'], ['(อย่า - NOUN)', '(พลาด - NOUN)', '(น้ำมะพร้าว - NOUN)']]","{'(สถานที่ - NOUN)': 2, '(การ - NOUN)': 1, '(ชม - NOUN)': 1, '(พระอาทิตย์ - NOUN)': 3, '(จังหวัด - NOUN)': 1, '(ภูเก็ต - NOUN)': 1, '(จุด - NOUN)': 2, '(ความ - NOUN)': 1, '(งาม - NOUN)': 1, '(ฝูงชน - NOUN)': 1, '(อย่าง - NOUN)': 1, '(ใกล้ - NOUN)': 1, '(อย่า - NOUN)': 1, '(พลาด - NOUN)': 1, '(น้ำมะพร้าว - NOUN)': 1}",15,19,"{'(ตก - VERB)': 3, '(ชม - VERB)': 2, '(วิว - VERB)': 1, '(ควร - VERB)': 1, '(ไป - VERB)': 1, '(ครึ่งชั่วโมง - VERB)': 1, '(ดู - VERB)': 1, '(มี - VERB)': 1, '(หา - VERB)': 1, '(ได้ - VERB)': 1, '(กิน - VERB)': 1}",11,14,"{'(ดี - ADJ)': 2, '(สวยงาม - ADJ)': 1, '(แท้จริง - ADJ)': 1, '(มากมาย - ADJ)': 1}",4,5,{'(ที่สุด - ADV)': 2},1,2
"[['(นี่ - PRON)', '(ไม่ใช่ - AUX)', '(แผนที่ - NOUN)', '(ที่ - DET)', '(ถูกต้อง - VERB)'], ['(โปรด - NOUN)', '(ผู้ดูแล - VERB)', '(ระบบ - NOUN)', '(เปลี่ยน - VERB)', '(แผนที่ - NOUN)', '(สถานที่ - NOUN)', '(ให้ - VERB)', '(ถูกต้อง - VERB)', '(เพราะ - ADP)', '(นักท่องเที่ยว - NOUN)', '(จำนวน - NOUN)', '(มาก - ADJ)', '(ติดตาม - ADP)', '(แผนที่ - NOUN)', '(ของ - ADP)', '(คุณ - PRON)', '(ผิด - ADJ)', '(ที่ - DET)']]","{'(แผนที่ - NOUN)': 3, '(โปรด - NOUN)': 1, '(ระบบ - NOUN)': 1, '(สถานที่ - NOUN)': 1, '(นักท่องเที่ยว - NOUN)': 1, '(จำนวน - NOUN)': 1}",6,8,"{'(ถูกต้อง - VERB)': 2, '(ผู้ดูแล - VERB)': 1, '(เปลี่ยน - VERB)': 1, '(ให้ - VERB)': 1}",4,5,"{'(มาก - ADJ)': 1, '(ผิด - ADJ)': 1}",2,2,{},0,0
"[['(สถานที่ - NOUN)', '(สงบ - VERB)', '(และ - CCONJ)', '(เงียบสงบ - VERB)'], ['(เยี่ยม - NOUN)', '(ชม - NOUN)', '(สถานที่ - NOUN)', '(นี้ - DET)', '(ก่อน - ADP)', '(พระอาทิตย์ - NOUN)', '(ตกดิน - VERB)', '(เริ่มต้น - VERB)', '(ค้นหา - VERB)', '(สถานที่ - NOUN)', '(ที่ - DET)', '(สวยงาม - VERB)', '(ระหว่าง - ADP)', '(ต้นมะพร้าว - NOUN)', '(และ - CCONJ)', '(เพลิดเพลิน - PROPN)', '(กับ - CCONJ)', '(ทิวทัศน์ - NOUN)'], ['(ความกังวล - VERB)', '(ทั้งหมด - DET)', '(ที่ - DET)', '(คุณ - PRON)', '(อาจ - VERB)', '(มี - VERB)', '(จะ - VERB)', '(หาย - VERB)', '(ไป - PART)'], ['(มี - VERB)', '(จุด - NOUN)', '(เดินป่า - VERB)', '(เล็ก - ADJ)', '(ๆ - SYM)'], ['(เช่นกัน - PROPN)']]","{'(สถานที่ - NOUN)': 3, '(เยี่ยม - NOUN)': 1, '(ชม - NOUN)': 1, '(พระอาทิตย์ - NOUN)': 1, '(ต้นมะพร้าว - NOUN)': 1, '(ทิวทัศน์ - NOUN)': 1, '(จุด - NOUN)': 1}",7,9,"{'(สงบ - VERB)': 1, '(เงียบสงบ - VERB)': 1, '(ตกดิน - VERB)': 1, '(เริ่มต้น - VERB)': 1, '(ค้นหา - VERB)': 1, '(สวยงาม - VERB)': 1, '(ความกังวล - VERB)': 1, '(อาจ - VERB)': 1, '(มี - VERB)': 2, '(จะ - VERB)': 1, '(หาย - VERB)': 1, '(เดินป่า - VERB)': 1}",12,13,{'(เล็ก - ADJ)': 1},1,1,{},0,0
"[['(สถานที่ - NOUN)', '(มี - VERB)', '(ชื่อเสียง - NOUN)', '(ใน - ADP)', '(การ - NOUN)', '(ชม - NOUN)', '(พระอาทิตย์ - NOUN)', '(ตก - VERB)', '(ที่ - DET)', '(ยิ่งใหญ่ - ADJ)'], ['(นอกจากนี้ - PRON)', '(ยัง - ADV)', '(มี - VERB)', '(ช่วง - NOUN)', '(ระยะ - NOUN)', '(การ - NOUN)', '(เดินทาง - VERB)', '(ที่ - DET)', '(ดี - ADJ)', '(สิบ - ADV)', '(ห้า - NUM)', '(ยี่ - NOUN)', '(สิบ - NUM)', '(นาที - NOUN)'], ['(นักท่องเที่ยว - NOUN)', '(ส่วนใหญ่ - VERB)', '(มา - PART)', '(ที่นี่ - ADV)', '(เพื่อ - ADP)', '(ชม - VERB)', '(ความ - VERB)', '(งดงาม - ADJ)', '(และ - CCONJ)', '(เพลิดเพลิน - PROPN)', '(กับ - CCONJ)', '(ช่วงเวลา - NOUN)', '(ที่ - DET)', '(สงบสุข - VERB)', '(รอบ - ADP)', '(มหาสมุทร - NOUN)'], ['(แท้จริง - ADJ)', '(คุณ - NOUN)', '(สามารถ - VERB)', '(ใช้ - VERB)', '(เวลา - NOUN)', '(หนึ่ง - NUM)', '(ชั่วโมง - NOUN)', '(หรือ - CCONJ)', '(มาก - ADV)', '(กว่า - ADP)', '(นั้น - PRON)', '(ใน - ADP)', '(สถานที่ - NOUN)'], ['(แหลม - NOUN)', '(พรหม - NOUN)', '(เทพ - VERB)', '(ให้ - VERB)', '(ภาพ - NOUN)', '(ที่ - DET)', '(สวยงาม - VERB)', '(ดังนั้น - ADV)', '(อย่า - NOUN)', '(ลืม - NOUN)', '(คลิก - VERB)', '(รูป - NOUN)', '(สวย - ADJ)', '(ๆ - SYM)']]","{'(สถานที่ - NOUN)': 2, '(ชื่อเสียง - NOUN)': 1, '(การ - NOUN)': 2, '(ชม - NOUN)': 1, '(พระอาทิตย์ - NOUN)': 1, '(ช่วง - NOUN)': 1, '(ระยะ - NOUN)': 1, '(ยี่ - NOUN)': 1, '(นาที - NOUN)': 1, '(นักท่องเที่ยว - NOUN)': 1, '(ช่วงเวลา - NOUN)': 1, '(มหาสมุทร - NOUN)': 1, '(คุณ - NOUN)': 1, '(เวลา - NOUN)': 1, '(ชั่วโมง - NOUN)': 1, '(แหลม - NOUN)': 1, '(พรหม - NOUN)': 1, '(ภาพ - NOUN)': 1, '(อย่า - NOUN)': 1, '(ลืม - NOUN)': 1, '(รูป - NOUN)': 1}",21,23,"{'(มี - VERB)': 2, '(ตก - VERB)': 1, '(เดินทาง - VERB)': 1, '(ส่วนใหญ่ - VERB)': 1, '(ชม - VERB)': 1, '(ความ - VERB)': 1, '(สงบสุข - VERB)': 1, '(สามารถ - VERB)': 1, '(ใช้ - VERB)': 1, '(เทพ - VERB)': 1, '(ให้ - VERB)': 1, '(สวยงาม - VERB)': 1, '(คลิก - VERB)': 1}",13,14,"{'(ยิ่งใหญ่ - ADJ)': 1, '(ดี - ADJ)': 1, '(งดงาม - ADJ)': 1, '(แท้จริง - ADJ)': 1, '(สวย - ADJ)': 1}",5,5,"{'(ยัง - ADV)': 1, '(สิบ - ADV)': 1, '(ที่นี่ - ADV)': 1, '(มาก - ADV)': 1, '(ดังนั้น - ADV)': 1}",5,5
"[['(มุมมอง - NOUN)', '(ที่ - DET)', '(น่าตื่นตาตื่นใจ - VERB)', '(ใน - ADP)', '(ทะเล - NOUN)', '(และ - CCONJ)', '(หมู่เกาะ - NOUN)'], ['(เส้นทาง - NOUN)', '(ลื่น - ADJ)', '(มาก - ADV)', '(และ - CCONJ)', '(ต้องการ - VERB)', '(ทักษะ - NOUN)', '(การ - NOUN)', '(ปีน - VERB)', '(เขา - PRON)', '(เพื่อ - ADP)', '(ให้ - VERB)', '(ได้ - VERB)', '(ภาพ - NOUN)', '(ที่ - DET)', '(ดี - ADJ)', '(ที่สุด - ADV)']]","{'(มุมมอง - NOUN)': 1, '(ทะเล - NOUN)': 1, '(หมู่เกาะ - NOUN)': 1, '(เส้นทาง - NOUN)': 1, '(ทักษะ - NOUN)': 1, '(การ - NOUN)': 1, '(ภาพ - NOUN)': 1}",7,7,"{'(น่าตื่นตาตื่นใจ - VERB)': 1, '(ต้องการ - VERB)': 1, '(ปีน - VERB)': 1, '(ให้ - VERB)': 1, '(ได้ - VERB)': 1}",5,5,"{'(ลื่น - ADJ)': 1, '(ดี - ADJ)': 1}",2,2,"{'(มาก - ADV)': 1, '(ที่สุด - ADV)': 1}",2,2
"[['(ต้อง - VERB)', '(ไป - VERB)', '(เยี่ยม - ADV)', '(ชม - NOUN)', '(สถานที่ - NOUN)', '(แห่ง - ADP)', '(นี้ - PRON)', '(ทิวทัศน์ - NOUN)', '(ที่ - DET)', '(สวยงาม - ADJ)', '(มาก - ADV)', '(โดยเฉพาะ - ADV)', '(ใน - ADP)', '(ช่วงเวลา - NOUN)', '(พระอาทิตย์ - NOUN)', '(ตก - VERB)'], ['(สามารถ - VERB)', '(มองเห็น - VERB)', '(ทะเลอันดามัน - NOUN)', '(และ - CCONJ)', '(ยัง - ADP)', '(คุ้มค่า - VERB)', '(แก่ - ADP)', '(การ - NOUN)', '(เยี่ยม - ADJ)', '(ชม - NOUN)', '(สำหรับ - ADP)', '(ทุก - DET)', '(คน - NOUN)'], ['(มี - VERB)', '(ร้านค้า - NOUN)', '(บาง - DET)', '(ร้านขายเสื้อผ้า - NOUN)', '(เครื่องดื่ม - VERB)', '(และ - CCONJ)', '(อื่นๆ - NOUN)'], ['(ค่า - NOUN)', '(เข้า - VERB)', '(ชม - VERB)', '(เป็น - AUX)', '(ฟรี - PROPN)'], ['(ตรวจสอบ - VERB)', '(ให้ - VERB)', '(แน่ใจ - VERB)', '(ว่า - ADP)', '(ได้ - PART)', '(เดิน - VERB)', '(ไป - PART)', '(รอบๆ - VERB)'], ['(บริเวณ - NOUN)', '(นั้น - DET)', '(ซึ่ง - DET)', '(ประกอบ - VERB)', '(ด้วย - ADP)', '(เนินเขา - NOUN)', '(ขึ้น - PART)', '(ลง - PART)', '(และ - CCONJ)', '(ระวัง - VERB)', '(ลิง - ADV)', '(ด้วย - ADV)']]","{'(ชม - NOUN)': 2, '(สถานที่ - NOUN)': 1, '(ทิวทัศน์ - NOUN)': 1, '(ช่วงเวลา - NOUN)': 1, '(พระอาทิตย์ - NOUN)': 1, '(ทะเลอันดามัน - NOUN)': 1, '(การ - NOUN)': 1, '(คน - NOUN)': 1, '(ร้านค้า - NOUN)': 1, '(ร้านขายเสื้อผ้า - NOUN)': 1, '(อื่นๆ - NOUN)': 1, '(ค่า - NOUN)': 1, '(บริเวณ - NOUN)': 1, '(เนินเขา - NOUN)': 1}",14,15,"{'(ต้อง - VERB)': 1, '(ไป - VERB)': 1, '(ตก - VERB)': 1, '(สามารถ - VERB)': 1, '(มองเห็น - VERB)': 1, '(คุ้มค่า - VERB)': 1, '(มี - VERB)': 1, '(เครื่องดื่ม - VERB)': 1, '(เข้า - VERB)': 1, '(ชม - VERB)': 1, '(ตรวจสอบ - VERB)': 1, '(ให้ - VERB)': 1, '(แน่ใจ - VERB)': 1, '(เดิน - VERB)': 1, '(รอบๆ - VERB)': 1, '(ประกอบ - VERB)': 1, '(ระวัง - VERB)': 1}",17,17,"{'(สวยงาม - ADJ)': 1, '(เยี่ยม - ADJ)': 1}",2,2,"{'(เยี่ยม - ADV)': 1, '(มาก - ADV)': 1, '(โดยเฉพาะ - ADV)': 1, '(ลิง - ADV)': 1, '(ด้วย - ADV)': 1}",5,5
"[['(ว้าว - NOUN)', '(ที่นี่ - DET)', '(ช่าง - NOUN)', '(น่าอัศจรรย์ - NOUN)', '(จริงๆ - PROPN)'], ['(ฉัน - PRON)', '(ไป - ADV)', '(ที่นี่ - ADV)', '(เหมือน - AUX)', '(ยี่ - ADV)', '(สิบ - NUM)', '(นาที - NOUN)', '(จาก - ADP)', '(หาด - NOUN)', '(กะ - VERB)', '(ตะ - VERB)', '(โดย - ADP)', '(มอเตอร์ไซค์ - PROPN)'], ['(และ - CCONJ)', '(เมื่อ - ADP)', '(คุณ - VERB)', '(มา - VERB)', '(ถึง - ADP)', '(คุณ - PRON)', '(จะ - VERB)', '(ต้อง - VERB)', '(ขึ้น - PART)', '(เขา - PRON)', '(ประมาณ - ADV)', '(ยี่ - NUM)', '(สิบ - NUM)', '(ห้า - NUM)', '(นาที - NOUN)', '(เพื่อ - ADP)', '(ไป - VERB)', '(ยัง - ADP)', '(จุดสูงสุด - ADJ)', '(ของ - ADP)', '(จุด - NOUN)', '(ที่ - DET)', '(สวยงาม - ADJ)', '(แห่ง - ADP)', '(นี้ - PRON)'], ['(อย่า - PROPN)', '(ลืม - NOUN)', '(นำ - VERB)', '(น้ำ - NOUN)', '(มา - PART)', '(ด้วย - ADP)', '(เพราะ - ADP)', '(มัน - PRON)', '(ค่อนข้าง - VERB)', '(เหนื่อย - ADV)', '(และ - CCONJ)', '(โปรด - NOUN)', '(รักษา - VERB)', '(สถานที่ - NOUN)', '(นี้ - DET)', '(ให้ - VERB)', '(สะอาด - ADV)', '(ฉัน - PRON)', '(เตือน - VERB)', '(พวก - NOUN)', '(คุณ - PRON)']]","{'(ว้าว - NOUN)': 1, '(ช่าง - NOUN)': 1, '(น่าอัศจรรย์ - NOUN)': 1, '(นาที - NOUN)': 2, '(หาด - NOUN)': 1, '(จุด - NOUN)': 1, '(ลืม - NOUN)': 1, '(น้ำ - NOUN)': 1, '(โปรด - NOUN)': 1, '(สถานที่ - NOUN)': 1, '(พวก - NOUN)': 1}",11,12,"{'(กะ - VERB)': 1, '(ตะ - VERB)': 1, '(คุณ - VERB)': 1, '(มา - VERB)': 1, '(จะ - VERB)': 1, '(ต้อง - VERB)': 1, '(ไป - VERB)': 1, '(นำ - VERB)': 1, '(ค่อนข้าง - VERB)': 1, '(รักษา - VERB)': 1, '(ให้ - VERB)': 1, '(เตือน - VERB)': 1}",12,12,"{'(จุดสูงสุด - ADJ)': 1, '(สวยงาม - ADJ)': 1}",2,2,"{'(ไป - ADV)': 1, '(ที่นี่ - ADV)': 1, '(ยี่ - ADV)': 1, '(ประมาณ - ADV)': 1, '(เหนื่อย - ADV)': 1, '(สะอาด - ADV)': 1}",6,6
"[['(มัน - PRON)', '(บอก - VERB)', '(ว่า - ADP)', '(นี่ - PRON)', '(เป็น - AUX)', '(จุด - NOUN)', '(ที่ - DET)', '(ดี - ADJ)', '(ที่สุด - ADV)', '(สำหรับ - ADP)', '(การ - NOUN)', '(ชม - NOUN)', '(พระอาทิตย์ - NOUN)', '(ตก - VERB)'], ['(สถานที่ - NOUN)', '(นี้ - DET)', '(แออัด - VERB)', '(มาก - ADV)', '(และ - CCONJ)', '(ใน - ADP)', '(เวลา - NOUN)', '(เย็น - ADJ)', '(คุณ - PRON)', '(จะ - VERB)', '(พบ - VERB)', '(ว่า - ADP)', '(มัน - PRON)', '(ยาก - ADJ)', '(ที่ - DET)', '(จะ - VERB)', '(หา - VERB)', '(ที่จอดรถ - NOUN)'], ['(ผู้คน - NOUN)', '(อยู่ - VERB)', '(ที่นี่ - ADV)', '(เพื่อ - ADP)', '(ดู - VERB)', '(ดวงอาทิตย์ - NOUN)', '(ลับขอบฟ้า - NOUN)'], ['(สถานที่ - NOUN)', '(นั้น - DET)', '(สวยงาม - ADJ)', '(มาก - ADV)'], ['(คุณ - NOUN)', '(สามารถ - VERB)', '(เห็น - VERB)', '(ทิวทัศน์ - NOUN)', '(ที่ - DET)', '(สวยงาม - ADJ)', '(ของ - ADP)', '(มหาสมุทร - NOUN)', '(ชายหาด - NOUN)', '(เนินเขา - NOUN)', '(และ - CCONJ)', '(ความ - NOUN)', '(เขียวขจี - NOUN)', '(โดย - ADP)', '(รอบ - NOUN)'], ['(อย่า - NOUN)', '(ลืม - NOUN)', '(ที่ - DET)', '(จะ - VERB)', '(ใช้ - VERB)', '(กล้อง - VERB)', '(ในขณะที่ - NOUN)', '(ไป - PART)', '(ที่นั่น - ADV)'], ['(การ - NOUN)', '(ขนส่ง - VERB)', '(เป็น - AUX)', '(ไป - PART)', '(อย่าง - ADP)', '(ง่ายดาย - PROPN)', '(ไป - PART)', '(และ - CCONJ)', '(กลับ - VERB)', '(จาก - ADP)', '(ที่นี่ - PRON)'], ['(หาก - ADP)', '(คุณ - PRON)', '(อยู่ - VERB)', '(กับ - ADP)', '(เด็กๆ - PROPN)'], ['(และ - CCONJ)', '(ผู้สูงอายุ - NOUN)', '(ก็ - ADV)', '(ควร - VERB)', '(ระวัง - VERB)', '(ให้ - VERB)', '(มาก - ADV)']]","{'(จุด - NOUN)': 1, '(การ - NOUN)': 2, '(ชม - NOUN)': 1, '(พระอาทิตย์ - NOUN)': 1, '(สถานที่ - NOUN)': 2, '(เวลา - NOUN)': 1, '(ที่จอดรถ - NOUN)': 1, '(ผู้คน - NOUN)': 1, '(ดวงอาทิตย์ - NOUN)': 1, '(ลับขอบฟ้า - NOUN)': 1, '(คุณ - NOUN)': 1, '(ทิวทัศน์ - NOUN)': 1, '(มหาสมุทร - NOUN)': 1, '(ชายหาด - NOUN)': 1, '(เนินเขา - NOUN)': 1, '(ความ - NOUN)': 1, '(เขียวขจี - NOUN)': 1, '(รอบ - NOUN)': 1, '(อย่า - NOUN)': 1, '(ลืม - NOUN)': 1, '(ในขณะที่ - NOUN)': 1, '(ผู้สูงอายุ - NOUN)': 1}",22,24,"{'(บอก - VERB)': 1, '(ตก - VERB)': 1, '(แออัด - VERB)': 1, '(จะ - VERB)': 3, '(พบ - VERB)': 1, '(หา - VERB)': 1, '(อยู่ - VERB)': 2, '(ดู - VERB)': 1, '(สามารถ - VERB)': 1, '(เห็น - VERB)': 1, '(ใช้ - VERB)': 1, '(กล้อง - VERB)': 1, '(ขนส่ง - VERB)': 1, '(กลับ - VERB)': 1, '(ควร - VERB)': 1, '(ระวัง - VERB)': 1, '(ให้ - VERB)': 1}",17,20,"{'(ดี - ADJ)': 1, '(เย็น - ADJ)': 1, '(ยาก - ADJ)': 1, '(สวยงาม - ADJ)': 2}",4,5,"{'(ที่สุด - ADV)': 1, '(มาก - ADV)': 3, '(ที่นี่ - ADV)': 1, '(ที่นั่น - ADV)': 1, '(ก็ - ADV)': 1}",5,7
"[['(มุมมอง - NOUN)'], ['(antastic - NOUN)'], ['(ของ - ADP)', '(แหลม - PROPN)', '(และ - CCONJ)', '(จุด - NOUN)', '(กังหันลม - VERB)'], ['(สำหรับ - ADP)'], ['(5 - NUM)'], ['(บาท - PROPN)', '(มี - VERB)', '(ห้องน้ำ - NOUN)', '(สะอาด - VERB)', '(ดี - ADJ)', '(แค่ - ADV)', '(ข้ามถนน - NOUN)', '(*มี - VERB)', '(กระดาษชำระ - VERB)', '(ตาม - ADP)', '(มาตรฐาน - NOUN)', '(ใน - ADP)', '(ภูเก็ต - NOUN)'], ['(รวมทั้ง - NOUN)', '(แผงขาย - NOUN)', '(ของ - ADP)', '(นักท่องเที่ยว - PROPN)'], ['(หลังจาก - NOUN)', '(ใช้ - VERB)', '(ถนน - NOUN)', '(ที่ - DET)', '(คดเคี้ยว - VERB)', '(ไป - PART)', '(ยัง - ADP)', '(จุด - NOUN)', '(กังหันลม - VERB)', '(ที่ - DET)', '(ซึ่ง - DET)', '(คุณ - PRON)', '(สามารถ - VERB)', '(ดื่ม - VERB)', '(ที่ - DET)', '(ด้านบน - VERB)', '(และ - CCONJ)', '(ถ้า - ADP)', '(สายลม - NOUN)', '(ที่ - DET)', '(ถูกต้อง - VERB)', '(คุณ - PRON)', '(จะ - VERB)', '(ได้ - PART)', '(เห็น - VERB)', '(พารา - NOUN)', '(เซล - ADV)', '(ทำ - VERB)', '(อะไร - PRON)', '(บาง - DET)', '(อย่าง - NOUN)']]","{'(มุมมอง - NOUN)': 1, '(antastic - NOUN)': 1, '(จุด - NOUN)': 2, '(ห้องน้ำ - NOUN)': 1, '(ข้ามถนน - NOUN)': 1, '(มาตรฐาน - NOUN)': 1, '(ภูเก็ต - NOUN)': 1, '(รวมทั้ง - NOUN)': 1, '(แผงขาย - NOUN)': 1, '(หลังจาก - NOUN)': 1, '(ถนน - NOUN)': 1, '(สายลม - NOUN)': 1, '(พารา - NOUN)': 1, '(อย่าง - NOUN)': 1}",14,15,"{'(กังหันลม - VERB)': 2, '(มี - VERB)': 1, '(สะอาด - VERB)': 1, '(*มี - VERB)': 1, '(กระดาษชำระ - VERB)': 1, '(ใช้ - VERB)': 1, '(คดเคี้ยว - VERB)': 1, '(สามารถ - VERB)': 1, '(ดื่ม - VERB)': 1, '(ด้านบน - VERB)': 1, '(ถูกต้อง - VERB)': 1, '(จะ - VERB)': 1, '(เห็น - VERB)': 1, '(ทำ - VERB)': 1}",14,15,{'(ดี - ADJ)': 1},1,1,"{'(แค่ - ADV)': 1, '(เซล - ADV)': 1}",2,2
"[['(มุมมอง - NOUN)', '(ที่ - DET)', '(ดี - ADJ)', '(มาก - ADV)'], ['(จุด - NOUN)', '(ถ่ายภาพ - NOUN)', '(ที่ - DET)', '(ดี - ADJ)'], ['(ช่วง - NOUN)', '(ระยะ - NOUN)', '(การ - NOUN)', '(เดินทาง - VERB)', '(ที่ - DET)', '(ดี - ADJ)', '(ไป - ADV)', '(ยัง - ADP)', '(ขอบ - NOUN)', '(ของ - ADP)', '(ภูเขา - PRON)', '(ก็ - ADV)', '(สามารถ - VERB)', '(ทำได้ - VERB)']]","{'(มุมมอง - NOUN)': 1, '(จุด - NOUN)': 1, '(ถ่ายภาพ - NOUN)': 1, '(ช่วง - NOUN)': 1, '(ระยะ - NOUN)': 1, '(การ - NOUN)': 1, '(ขอบ - NOUN)': 1}",7,7,"{'(เดินทาง - VERB)': 1, '(สามารถ - VERB)': 1, '(ทำได้ - VERB)': 1}",3,3,{'(ดี - ADJ)': 3},1,3,"{'(มาก - ADV)': 1, '(ไป - ADV)': 1, '(ก็ - ADV)': 1}",3,3
"[['(พระอาทิตย์ - NOUN)', '(ตก - VERB)', '(ที่ - DET)', '(น่าตื่นตาตื่นใจ - VERB)', '(ใช้ - VERB)', '(เวลา - NOUN)', '(เดิน - VERB)'], ['(15 - NUM)'], ['(นาที - NOUN)', '(บน - ADP)', '(เส้นทาง - NOUN)', '(ที่ - DET)', '(สวยงาม - ADJ)', '(เพื่อ - ADP)', '(ไป - VERB)', '(ถึง - ADP)', '(ปลาย - NOUN)', '(สุด - NOUN)', '(ของ - ADP)', '(แหลม - PROPN)'], ['(ร้านอาหาร - NOUN)', '(ที่ - DET)', '(ดี - ADJ)', '(มาก - ADV)', '(ใน - ADP)', '(บริเวณ - NOUN)', '(ใกล้เคียง - ADV)']]","{'(พระอาทิตย์ - NOUN)': 1, '(เวลา - NOUN)': 1, '(นาที - NOUN)': 1, '(เส้นทาง - NOUN)': 1, '(ปลาย - NOUN)': 1, '(สุด - NOUN)': 1, '(ร้านอาหาร - NOUN)': 1, '(บริเวณ - NOUN)': 1}",8,8,"{'(ตก - VERB)': 1, '(น่าตื่นตาตื่นใจ - VERB)': 1, '(ใช้ - VERB)': 1, '(เดิน - VERB)': 1, '(ไป - VERB)': 1}",5,5,"{'(สวยงาม - ADJ)': 1, '(ดี - ADJ)': 1}",2,2,"{'(มาก - ADV)': 1, '(ใกล้เคียง - ADV)': 1}",2,2
"[['(แหลม - NOUN)', '(พรหม - NOUN)', '(เทพ - NOUN)', '(นั้น - DET)', '(สงบ - VERB)', '(และ - CCONJ)', '(สวยงาม - NOUN)'], ['(คุณ - NOUN)', '(สามารถ - VERB)', '(นั่ง - VERB)', '(ที่นี่ - NOUN)', '(เป็น - AUX)', '(เวลา - NOUN)', '(หลาย - DET)', '(ชั่วโมง - NOUN)', '(และ - CCONJ)', '(ชม - NOUN)', '(พระอาทิตย์ - NOUN)', '(ตก - VERB)'], ['(คุณ - NOUN)', '(สามารถ - VERB)', '(เห็น - VERB)', '(พระอาทิตย์ - NOUN)', '(ตกดิน - VERB)', '(ใน - ADP)', '(ทะเลอันดามัน - PROPN)'], ['(งดงาม - ADJ)', '(มาก - ADV)'], ['(สถานที่ - NOUN)', '(นี้ - DET)', '(จะ - VERB)', '(ต้อง - VERB)', '(เยี่ยม - VERB)', '(ชม - NOUN)', '(เมื่อ - ADP)', '(อยู่ - VERB)', '(ใน - ADP)', '(ภูเก็ต - NOUN)']]","{'(แหลม - NOUN)': 1, '(พรหม - NOUN)': 1, '(เทพ - NOUN)': 1, '(สวยงาม - NOUN)': 1, '(คุณ - NOUN)': 2, '(ที่นี่ - NOUN)': 1, '(เวลา - NOUN)': 1, '(ชั่วโมง - NOUN)': 1, '(ชม - NOUN)': 2, '(พระอาทิตย์ - NOUN)': 2, '(สถานที่ - NOUN)': 1, '(ภูเก็ต - NOUN)': 1}",12,15,"{'(สงบ - VERB)': 1, '(สามารถ - VERB)': 2, '(นั่ง - VERB)': 1, '(ตก - VERB)': 1, '(เห็น - VERB)': 1, '(ตกดิน - VERB)': 1, '(จะ - VERB)': 1, '(ต้อง - VERB)': 1, '(เยี่ยม - VERB)': 1, '(อยู่ - VERB)': 1}",10,11,{'(งดงาม - ADJ)': 1},1,1,{'(มาก - ADV)': 1},1,1
"[['(หนึ่ง - NUM)', '(ใน - ADP)', '(จุด - NOUN)', '(ชม - VERB)', '(วิว - VERB)', '(ที่ - DET)', '(สวย - VERB)', '(ที่สุด - ADV)', '(ใน - ADP)', '(จังหวัด - NOUN)', '(ภูเก็ต - NOUN)'], ['(ตั้ง - VERB)', '(อยู่ - VERB)', '(ที่ - DET)', '(ปลาย - VERB)', '(สุด - NOUN)', '(ทาง - ADP)', '(ใต้ - NOUN)', '(ของ - ADP)', '(ภูเก็ต - NOUN)', '(ให้ - VERB)', '(ทัศนียภาพ - NOUN)', '(อัน - DET)', '(น่าทึ่ง - ADJ)', '(ของ - ADP)', '(เกาะ - NOUN)', '(เล็ก - ADJ)', '(ๆ - SYM)'], ['(ที่ - ADP)', '(สวยงาม - ADJ)', '(และ - CCONJ)', '(วิว - NOUN)', '(พระอาทิตย์ - NOUN)', '(ตกดิน - VERB)', '(ที่ - DET)', '(น่าตื่นตาตื่นใจ - VERB)'], ['(อย่า - NOUN)', '(เดิน - VERB)', '(ไป - PART)', '(รอบๆ - VERB)'], ['(บริเวณ - NOUN)', '(เพราะ - ADP)', '(แต่ละ - DET)', '(ด้าน - NOUN)', '(มี - VERB)', '(มุมมอง - NOUN)', '(ที่ - DET)', '(แตกต่าง - VERB)', '(กัน - PRON)']]","{'(จุด - NOUN)': 1, '(จังหวัด - NOUN)': 1, '(ภูเก็ต - NOUN)': 2, '(สุด - NOUN)': 1, '(ใต้ - NOUN)': 1, '(ทัศนียภาพ - NOUN)': 1, '(เกาะ - NOUN)': 1, '(วิว - NOUN)': 1, '(พระอาทิตย์ - NOUN)': 1, '(อย่า - NOUN)': 1, '(บริเวณ - NOUN)': 1, '(ด้าน - NOUN)': 1, '(มุมมอง - NOUN)': 1}",13,14,"{'(ชม - VERB)': 1, '(วิว - VERB)': 1, '(สวย - VERB)': 1, '(ตั้ง - VERB)': 1, '(อยู่ - VERB)': 1, '(ปลาย - VERB)': 1, '(ให้ - VERB)': 1, '(ตกดิน - VERB)': 1, '(น่าตื่นตาตื่นใจ - VERB)': 1, '(เดิน - VERB)': 1, '(รอบๆ - VERB)': 1, '(มี - VERB)': 1, '(แตกต่าง - VERB)': 1}",13,13,"{'(น่าทึ่ง - ADJ)': 1, '(เล็ก - ADJ)': 1, '(สวยงาม - ADJ)': 1}",3,3,{'(ที่สุด - ADV)': 1},1,1
"[['(เรา - PRON)', '(มี - VERB)', '(คนขับรถ - NOUN)', '(สอง - NUM)', '(สาม - NUM)', '(ชั่วโมง - NOUN)', '(เพื่อ - ADP)', '(พา - VERB)', '(เรา - PRON)', '(ไป - PART)', '(รอบๆ - VERB)'], ['(คุ้ม - VERB)', '(ค่าเงิน - VERB)', '(และ - CCONJ)', '(เขา - PRON)', '(พา - VERB)', '(เรา - PRON)', '(ไป - PART)', '(ที่ - ADP)', '(เว็บไซต์ - NOUN)', '(นี้ - DET)'], ['(วิว - NOUN)', '(ยอดเยี่ยม - ADJ)', '(และ - CCONJ)', '(เงียบสงบ - VERB)', '(มาก - ADV)', '(มี - VERB)', '(ร้านค้า - NOUN)', '(น่ารัก - VERB)', '(มี - VERB)', '(เครื่องดื่ม - NOUN)', '(เย็น - ADJ)', '(ๆ - SYM)'], ['(และ - CCONJ)', '(ที่จอดรถ - NOUN)', '(ดี - ADJ)'], ['(พวกเขา - PRON)', '(*ชอบ - VERB)', '(คน - NOUN)', '(ที่ - DET)', '(สูบบุหรี่ - PROPN)', '(ซึ่ง - DET)', '(เป็น - AUX)', '(เรื่อง - NOUN)', '(ปกติ - ADJ)'], ['(ฉัน - PRON)', '(*สามารถ - VERB)', '(แสดง - VERB)', '(มุมมอง - NOUN)', '(ที่ - DET)', '(สวยงาม - VERB)', '(มัน - PRON)', '(น่าทึ่ง - VERB)', '(ต้อง - VERB)', '(ไป - PART)', '(และ - CCONJ)', '(ได้ - VERB)', '(ดู - VERB)']]","{'(คนขับรถ - NOUN)': 1, '(ชั่วโมง - NOUN)': 1, '(เว็บไซต์ - NOUN)': 1, '(วิว - NOUN)': 1, '(ร้านค้า - NOUN)': 1, '(เครื่องดื่ม - NOUN)': 1, '(ที่จอดรถ - NOUN)': 1, '(คน - NOUN)': 1, '(เรื่อง - NOUN)': 1, '(มุมมอง - NOUN)': 1}",10,10,"{'(มี - VERB)': 3, '(พา - VERB)': 2, '(รอบๆ - VERB)': 1, '(คุ้ม - VERB)': 1, '(ค่าเงิน - VERB)': 1, '(เงียบสงบ - VERB)': 1, '(น่ารัก - VERB)': 1, '(*ชอบ - VERB)': 1, '(*สามารถ - VERB)': 1, '(แสดง - VERB)': 1, '(สวยงาม - VERB)': 1, '(น่าทึ่ง - VERB)': 1, '(ต้อง - VERB)': 1, '(ได้ - VERB)': 1, '(ดู - VERB)': 1}",15,18,"{'(ยอดเยี่ยม - ADJ)': 1, '(เย็น - ADJ)': 1, '(ดี - ADJ)': 1, '(ปกติ - ADJ)': 1}",4,4,{'(มาก - ADV)': 1},1,1
"[['(ทิวทัศน์ - NOUN)', '(อัน - DET)', '(สวยงาม - ADJ)', '(ของ - ADP)', '(มหาสมุทร - NOUN)'], ['(มี - VERB)', '(นักท่องเที่ยว - NOUN)', '(จำนวน - NOUN)', '(มาก - ADJ)', '(อยู่ - VERB)', '(รอบๆ - ADV)'], ['(แต่ - CCONJ)', '(มี - VERB)', '(จุด - NOUN)', '(แวะ - VERB)', '(พัก - NOUN)', '(ที่ - DET)', '(ดี - ADJ)', '(เพื่อ - ADP)', '(ให้ - VERB)', '(ได้รับ - VERB)', '(ภาพ - NOUN)', '(*กี่ - ADJ)', '(ภาพ - NOUN)', '(และ - CCONJ)', '(เพลิดเพลิน - PROPN)', '(กับ - CCONJ)', '(อากาศ - NOUN)', '(บริสุทธิ์ - NOUN)'], ['(มี - VERB)', '(ร้านอาหาร - NOUN)', '(ฝั่ง - NOUN)', '(ตรงข้าม - VERB)', '(ถนน - NOUN)', '(เพื่อ - ADP)', '(หา - VERB)', '(อาหาร - NOUN)'], ['(ถ้า - ADP)', '(มา - PART)', '(ถึง - ADP)', '(แท็กซี่ - NOUN)', '(อาจ - VERB)', '(จะ - VERB)', '(ดี - ADJ)', '(กว่า - ADV)', '(ถ้า - ADP)', '(รอ - NOUN)', '(หรือ - CCONJ)', '(เสี่ยง - VERB)', '(เกิน - ADJ)', '(กว่า - ADP)', '(ที่ - ADP)', '(คาด - VERB)']]","{'(ทิวทัศน์ - NOUN)': 1, '(มหาสมุทร - NOUN)': 1, '(นักท่องเที่ยว - NOUN)': 1, '(จำนวน - NOUN)': 1, '(จุด - NOUN)': 1, '(พัก - NOUN)': 1, '(ภาพ - NOUN)': 2, '(อากาศ - NOUN)': 1, '(บริสุทธิ์ - NOUN)': 1, '(ร้านอาหาร - NOUN)': 1, '(ฝั่ง - NOUN)': 1, '(ถนน - NOUN)': 1, '(อาหาร - NOUN)': 1, '(แท็กซี่ - NOUN)': 1, '(รอ - NOUN)': 1}",15,16,"{'(มี - VERB)': 3, '(อยู่ - VERB)': 1, '(แวะ - VERB)': 1, '(ให้ - VERB)': 1, '(ได้รับ - VERB)': 1, '(ตรงข้าม - VERB)': 1, '(หา - VERB)': 1, '(อาจ - VERB)': 1, '(จะ - VERB)': 1, '(เสี่ยง - VERB)': 1, '(คาด - VERB)': 1}",11,13,"{'(สวยงาม - ADJ)': 1, '(มาก - ADJ)': 1, '(ดี - ADJ)': 2, '(*กี่ - ADJ)': 1, '(เกิน - ADJ)': 1}",5,6,"{'(รอบๆ - ADV)': 1, '(กว่า - ADV)': 1}",2,2
"[['(บริเวณ - NOUN)', '(ที่ - DET)', '(เหมาะ - ADJ)', '(สำหรับ - ADP)', '(ครอบครัว - NOUN)', '(และ - CCONJ)', '(รูปถ่าย - NOUN)', '(ที่อยู่ - VERB)', '(ด้านบน - ADJ)', '(สุด - ADV)', '(จากนั้น - NOUN)', '(เดิน - VERB)', '(ขึ้น - PART)', '(เขา - PRON)', '(สิบ - NUM)', '(ห้า - NUM)', '(นาที - NOUN)', '(อย่าง - ADP)', '(ระมัดระวัง - PROPN)', '(เพื่อ - ADP)', '(ไป - VERB)', '(ยัง - ADP)', '(จุด - NOUN)', '(ที่ - DET)', '(คุณ - PRON)', '(สามารถ - VERB)', '(เพลิดเพลิน - VERB)', '(กับ - ADP)', '(เสียง - NOUN)', '(และ - CCONJ)', '(พลัง - NOUN)', '(ของ - ADP)', '(มหาสมุทร - NOUN)'], ['(น่าเศร้า - NOUN)', '(มี - VERB)', '(เศษขยะ - NOUN)', '(เพิ่ม - VERB)', '(ขึ้น - PART)', '(เล็กน้อย - ADV)', '(กว่า - ADP)', '(ที่ - ADP)', '(ฉัน - PRON)', '(จะ - VERB)', '(รับ - VERB)', '(ได้ - VERB)'], ['(ทำให้ - VERB)', '(เป็น - AUX)', '(ระเบียบ - NOUN)', '(เรียบร้อย - ADJ)']]","{'(บริเวณ - NOUN)': 1, '(ครอบครัว - NOUN)': 1, '(รูปถ่าย - NOUN)': 1, '(จากนั้น - NOUN)': 1, '(นาที - NOUN)': 1, '(จุด - NOUN)': 1, '(เสียง - NOUN)': 1, '(พลัง - NOUN)': 1, '(มหาสมุทร - NOUN)': 1, '(น่าเศร้า - NOUN)': 1, '(เศษขยะ - NOUN)': 1, '(ระเบียบ - NOUN)': 1}",12,12,"{'(ที่อยู่ - VERB)': 1, '(เดิน - VERB)': 1, '(ไป - VERB)': 1, '(สามารถ - VERB)': 1, '(เพลิดเพลิน - VERB)': 1, '(มี - VERB)': 1, '(เพิ่ม - VERB)': 1, '(จะ - VERB)': 1, '(รับ - VERB)': 1, '(ได้ - VERB)': 1, '(ทำให้ - VERB)': 1}",11,11,"{'(เหมาะ - ADJ)': 1, '(ด้านบน - ADJ)': 1, '(เรียบร้อย - ADJ)': 1}",3,3,"{'(สุด - ADV)': 1, '(เล็กน้อย - ADV)': 1}",2,2
"[['(วิ - NOUN)', '(วดี - NOUN)', '(จาก - ADP)', '(สถานที่ - NOUN)'], ['(แต่ - CCONJ)', '(ค่อนข้าง - VERB)', '(ไกล - ADJ)', '(จาก - ADP)', '(ตัวเมือง - NOUN)'], ['(คุณ - NOUN)', '(สามารถ - VERB)', '(ใช้ - VERB)', '(จักรยาน - NOUN)', '(ส่วนตัว - ADJ)', '(และ - CCONJ)', '(ไป - VERB)', '(ที่นั่น - VERB)', '(และ - CCONJ)', '(เพลิดเพลิน - PROPN)', '(ไป - PART)', '(กับ - ADP)', '(การ - NOUN)', '(เดินทาง - VERB)', '(ทั้ง - DET)', '(ใน - ADP)', '(ระหว่าง - ADP)', '(ที่ - ADP)', '(คุณ - PRON)', '(จะ - VERB)', '(ได้รับ - VERB)', '(บาร์ - NOUN)', '(สอง - NUM)', '(แห่ง - NOUN)', '(ใน - ADP)', '(หมู่บ้าน - NOUN)', '(เพื่อ - ADP)', '(เพลิดเพลิน - VERB)', '(กับ - ADP)', '(เครื่องดื่ม - PROPN)', '(และ - CCONJ)', '(เล่น - VERB)', '(สนุกเกอร์ - NOUN)']]","{'(วิ - NOUN)': 1, '(วดี - NOUN)': 1, '(สถานที่ - NOUN)': 1, '(ตัวเมือง - NOUN)': 1, '(คุณ - NOUN)': 1, '(จักรยาน - NOUN)': 1, '(การ - NOUN)': 1, '(บาร์ - NOUN)': 1, '(แห่ง - NOUN)': 1, '(หมู่บ้าน - NOUN)': 1, '(สนุกเกอร์ - NOUN)': 1}",11,11,"{'(ค่อนข้าง - VERB)': 1, '(สามารถ - VERB)': 1, '(ใช้ - VERB)': 1, '(ไป - VERB)': 1, '(ที่นั่น - VERB)': 1, '(เดินทาง - VERB)': 1, '(จะ - VERB)': 1, '(ได้รับ - VERB)': 1, '(เพลิดเพลิน - VERB)': 1, '(เล่น - VERB)': 1}",10,10,"{'(ไกล - ADJ)': 1, '(ส่วนตัว - ADJ)': 1}",2,2,{},0,0
"[['(แออัด - NOUN)', '(จน - ADP)', '(พระอาทิตย์ - NOUN)', '(ตกดิน - VERB)'], ['(คุ้มค่า - NOUN)', '(กับ - ADP)', '(ความพยายาม - VERB)', '(ใน - ADP)', '(การ - NOUN)', '(ติดตาม - VERB)', '(ไป - PART)', '(ยัง - ADP)', '(เกาะ - NOUN)', '(หิน - NOUN)', '(ด้านล่าง - ADJ)'], ['(ลมทะเล - NOUN)', '(ที่ - DET)', '(สดชื่น - ADJ)', '(ที่สุด - ADV)', '(บน - ADP)', '(เกาะ - NOUN)', '(ทั้ง - DET)', '(เกาะ - NOUN)']]","{'(แออัด - NOUN)': 1, '(พระอาทิตย์ - NOUN)': 1, '(คุ้มค่า - NOUN)': 1, '(การ - NOUN)': 1, '(เกาะ - NOUN)': 3, '(หิน - NOUN)': 1, '(ลมทะเล - NOUN)': 1}",7,9,"{'(ตกดิน - VERB)': 1, '(ความพยายาม - VERB)': 1, '(ติดตาม - VERB)': 1}",3,3,"{'(ด้านล่าง - ADJ)': 1, '(สดชื่น - ADJ)': 1}",2,2,{'(ที่สุด - ADV)': 1},1,1
"[['(มัน - PRON)', '(ก็ - ADV)', '(โอเค - VERB)', '(สำหรับ - ADP)', '(ฉัน - PRON)', '(*แปลกใหม่ - ADJ)', '(มาก - ADV)', '(หรือ - CCONJ)', '(มหัศจรรย์ - ADV)'], ['(มี - VERB)', '(กลุ่ม - NOUN)', '(นัก - NOUN)', '(เดินทาง - VERB)', '(ชาว - NOUN)', '(จีน - PROPN)', '(จำนวน - NOUN)', '(มาก - ADJ)', '(อยู่ - ADP)', '(ที่นั่น - ADV)'], ['(อย่างไรก็ตาม - ADP)', '(ภาพถ่าย - NOUN)', '(ที่ - DET)', '(ฉัน - PRON)', '(ถ่าย - VERB)', '(ดู - VERB)', '(ดี - ADJ)', '(กว่า - ADV)', '(ที่ - DET)', '(เป็น - AUX)', '(ดังนั้น - ADV)', '(ถ้า - ADP)', '(คุณ - PRON)', '(เป็น - AUX)', '(เด็กผู้ชาย - NOUN)', '(และ - CCONJ)', '(เด็ก - NOUN)', '(ผู้หญิง - NOUN)', '(คุณ - NOUN)', '(ต้อง - VERB)', '(ไป - PART)', '(เข้าแถว - VERB)']]","{'(กลุ่ม - NOUN)': 1, '(นัก - NOUN)': 1, '(ชาว - NOUN)': 1, '(จำนวน - NOUN)': 1, '(ภาพถ่าย - NOUN)': 1, '(เด็กผู้ชาย - NOUN)': 1, '(เด็ก - NOUN)': 1, '(ผู้หญิง - NOUN)': 1, '(คุณ - NOUN)': 1}",9,9,"{'(โอเค - VERB)': 1, '(มี - VERB)': 1, '(เดินทาง - VERB)': 1, '(ถ่าย - VERB)': 1, '(ดู - VERB)': 1, '(ต้อง - VERB)': 1, '(เข้าแถว - VERB)': 1}",7,7,"{'(*แปลกใหม่ - ADJ)': 1, '(มาก - ADJ)': 1, '(ดี - ADJ)': 1}",3,3,"{'(ก็ - ADV)': 1, '(มาก - ADV)': 1, '(มหัศจรรย์ - ADV)': 1, '(ที่นั่น - ADV)': 1, '(กว่า - ADV)': 1, '(ดังนั้น - ADV)': 1}",6,6
"[['(นี่ - PRON)', '(คือ - AUX)', '(ทาง - NOUN)', '(ใต้ - NOUN)', '(สุด - ADV)', '(ที่ - DET)', '(คุณ - PRON)', '(สามารถ - VERB)', '(ไป - VERB)', '(บน - ADP)', '(เกาะ - NOUN)', '(ภูเก็ต - NOUN)'], ['(ทะเลอันดามัน - NOUN)', '(แผ่ - PROPN)', '(ออก - PART)', '(ไป - PART)', '(เบื้องหน้า - VERB)', '(คุณ - PRON)', '(เมื่อ - ADP)', '(คุณ - PRON)', '(ได้รับ - VERB)', '(มุมมอง - NOUN)', '(สอง - NUM)', '(ร้อย - NOUN)', '(เจ็ด - NUM)', '(สิ - NOUN)', '(บอง - NOUN)', '(ศา - NOUN)'], ['(พระพุทธรูป - NOUN)', '(องค์ - NOUN)', '(ใหญ่ - ADJ)', '(สามารถ - VERB)', '(มองเห็น - VERB)', '(ยอดเขา - PRON)', '(ใน - ADP)', '(ระหว่าง - ADP)', '(นั้น - PRON)'], ['(น่าเสียดาย - VERB)', '(ที่ - ADP)', '(พิพิธภัณฑ์ - VERB)', '(ทาง - ADP)', '(ทะเล - NOUN)', '(ดูเหมือน - PROPN)', '(จะ - VERB)', '(ปิด - VERB)', '(เพื่อ - ADP)', '(ทำ - VERB)', '(การ - NOUN)', '(ปรับปรุง - NOUN)'], ['(ข้างนอก - NOUN)', '(อย่างไรก็ตาม - ADJ)', '(แบบจำลอง - ADP)', '(ขนาด - NOUN)', '(ของ - ADP)', '(กองทัพเรือ - NOUN)', '(แห่ง - ADP)', '(ประเทศ - NOUN)', '(ไทย - PROPN)', '(พร้อมกับ - NOUN)', '(รูปปั้น - NOUN)', '(ที่ - DET)', '(น่า - VERB)', '(ประทับใจ - NOUN)', '(ของ - ADP)', '(พระราม - NOUN)'], ['(5 - NUM)'], ['(จะ - VERB)', '(ปรากฏ - VERB)', '(ให้ - VERB)', '(เห็น - VERB)'], ['(หอก - NOUN)', '(กับ - ADP)', '(รูปปั้น - NOUN)', '(ช้าง - NOUN)', '(ต่างๆ - NOUN)'], ['(เป็น - AUX)', '(ภาพ - NOUN)', '(ที่ - DET)', '(เห็น - VERB)']]","{'(ทาง - NOUN)': 1, '(ใต้ - NOUN)': 1, '(เกาะ - NOUN)': 1, '(ภูเก็ต - NOUN)': 1, '(ทะเลอันดามัน - NOUN)': 1, '(มุมมอง - NOUN)': 1, '(ร้อย - NOUN)': 1, '(สิ - NOUN)': 1, '(บอง - NOUN)': 1, '(ศา - NOUN)': 1, '(พระพุทธรูป - NOUN)': 1, '(องค์ - NOUN)': 1, '(ทะเล - NOUN)': 1, '(การ - NOUN)': 1, '(ปรับปรุง - NOUN)': 1, '(ข้างนอก - NOUN)': 1, '(ขนาด - NOUN)': 1, '(กองทัพเรือ - NOUN)': 1, '(ประเทศ - NOUN)': 1, '(พร้อมกับ - NOUN)': 1, '(รูปปั้น - NOUN)': 2, '(ประทับใจ - NOUN)': 1, '(พระราม - NOUN)': 1, '(หอก - NOUN)': 1, '(ช้าง - NOUN)': 1, '(ต่างๆ - NOUN)': 1, '(ภาพ - NOUN)': 1}",27,28,"{'(สามารถ - VERB)': 2, '(ไป - VERB)': 1, '(เบื้องหน้า - VERB)': 1, '(ได้รับ - VERB)': 1, '(มองเห็น - VERB)': 1, '(น่าเสียดาย - VERB)': 1, '(พิพิธภัณฑ์ - VERB)': 1, '(จะ - VERB)': 2, '(ปิด - VERB)': 1, '(ทำ - VERB)': 1, '(น่า - VERB)': 1, '(ปรากฏ - VERB)': 1, '(ให้ - VERB)': 1, '(เห็น - VERB)': 2}",14,17,"{'(ใหญ่ - ADJ)': 1, '(อย่างไรก็ตาม - ADJ)': 1}",2,2,{'(สุด - ADV)': 1},1,1
"[['(พื้นที่ - NOUN)', '(โล่ง - NOUN)', '(กว้าง - VERB)', '(สำหรับ - ADP)', '(เดิน - VERB)', '(รอบๆ - NOUN)'], ['(จุด - NOUN)', '(ชม - VERB)', '(วิว - VERB)'], ['(มี - VERB)', '(แผงขาย - NOUN)', '(ผลไม้ - NOUN)', '(และ - CCONJ)', '(เครื่องดื่ม - PROPN)'], ['(มี - VERB)', '(ห้องน้ำ - NOUN)', '(อยู่ - VERB)', '(ฝั่ง - NOUN)', '(ตรงข้าม - VERB)', '(ถนน - NOUN)', '(ฟรี - PROPN)', '(สำหรับ - ADP)', '(แขก - NOUN)', '(ที่ - DET)', '(จอง - VERB)', '(ทัวร์ - VERB)', '(ระหว่าง - ADP)', '(วัน - NOUN)', '(ของ - ADP)', '(เอ - PROPN)', '(เจน - NOUN)', '(ซี่ - PROPN)']]","{'(พื้นที่ - NOUN)': 1, '(โล่ง - NOUN)': 1, '(รอบๆ - NOUN)': 1, '(จุด - NOUN)': 1, '(แผงขาย - NOUN)': 1, '(ผลไม้ - NOUN)': 1, '(ห้องน้ำ - NOUN)': 1, '(ฝั่ง - NOUN)': 1, '(ถนน - NOUN)': 1, '(แขก - NOUN)': 1, '(วัน - NOUN)': 1, '(เจน - NOUN)': 1}",12,12,"{'(กว้าง - VERB)': 1, '(เดิน - VERB)': 1, '(ชม - VERB)': 1, '(วิว - VERB)': 1, '(มี - VERB)': 2, '(อยู่ - VERB)': 1, '(ตรงข้าม - VERB)': 1, '(จอง - VERB)': 1, '(ทัวร์ - VERB)': 1}",9,10,{},0,0,{},0,0
"[['(มัน - PRON)', '(เป็น - AUX)', '(สถานที่ - NOUN)', '(ที่ - DET)', '(ดี - ADJ)', '(ที่ - DET)', '(มี - VERB)', '(เส้นทาง - NOUN)', '(ยาว - ADJ)', '(จาก - ADP)', '(ที่ - NOUN)', '(หนึ่ง - NUM)', '(สามารถ - VERB)', '(คลิก - VERB)', '(ภาพ - NOUN)', '(ที่ - DET)', '(ดี - ADJ)', '(ของ - ADP)', '(มหาสมุทร - NOUN)'], ['(นอกจากนี้ - PRON)', '(ยัง - ADV)', '(มี - VERB)', '(วิหาร - NOUN)', '(ที่ - DET)', '(มี - VERB)', '(รูปปั้น - NOUN)', '(ช้าง - VERB)', '(มากมาย - ADJ)'], ['(มุมมอง - NOUN)', '(นั้น - DET)', '(ยอดเยี่ยม - ADJ)', '(มาก - ADV)']]","{'(สถานที่ - NOUN)': 1, '(เส้นทาง - NOUN)': 1, '(ที่ - NOUN)': 1, '(ภาพ - NOUN)': 1, '(มหาสมุทร - NOUN)': 1, '(วิหาร - NOUN)': 1, '(รูปปั้น - NOUN)': 1, '(มุมมอง - NOUN)': 1}",8,8,"{'(มี - VERB)': 3, '(สามารถ - VERB)': 1, '(คลิก - VERB)': 1, '(ช้าง - VERB)': 1}",4,6,"{'(ดี - ADJ)': 2, '(ยาว - ADJ)': 1, '(มากมาย - ADJ)': 1, '(ยอดเยี่ยม - ADJ)': 1}",4,5,"{'(ยัง - ADV)': 1, '(มาก - ADV)': 1}",2,2
"[['(สถานที่ - NOUN)', '(ที่ - DET)', '(เหมาะ - ADJ)', '(สำหรับ - ADP)', '(การ - NOUN)', '(ชม - NOUN)', '(พระอาทิตย์ - NOUN)', '(ตก - VERB)'], ['(พวกเรา - NOUN)', '(มา - PART)', '(สาย - ADV)', '(ประมาณ - ADV)', '(สิบ - NUM)', '(ห้า - NOUN)', '(นาที - NOUN)', '(และ - CCONJ)', '(พลาด - NOUN)', '(การ - NOUN)', '(แสดง - VERB)', '(เต็ม - ADJ)'], ['(แต่ - CCONJ)', '(มัน - PRON)', '(ก็ - ADV)', '(น่าตื่นเต้น - VERB)']]","{'(สถานที่ - NOUN)': 1, '(การ - NOUN)': 2, '(ชม - NOUN)': 1, '(พระอาทิตย์ - NOUN)': 1, '(พวกเรา - NOUN)': 1, '(ห้า - NOUN)': 1, '(นาที - NOUN)': 1, '(พลาด - NOUN)': 1}",8,9,"{'(ตก - VERB)': 1, '(แสดง - VERB)': 1, '(น่าตื่นเต้น - VERB)': 1}",3,3,"{'(เหมาะ - ADJ)': 1, '(เต็ม - ADJ)': 1}",2,2,"{'(สาย - ADV)': 1, '(ประมาณ - ADV)': 1, '(ก็ - ADV)': 1}",3,3
"[['(สถานที่ - NOUN)', '(ที่ - DET)', '(เหมาะ - ADJ)', '(สำหรับ - ADP)', '(การ - NOUN)', '(ชม - NOUN)', '(พระอาทิตย์ - NOUN)', '(ตก - VERB)'], ['(ผู้คน - NOUN)', '(มากมาย - ADJ)', '(ที่นี่ - DET)', '(จึง - ADV)', '(ควร - VERB)', '(ไป - VERB)', '(ก่อน - ADV)', '(เพื่อ - ADP)', '(รับ - VERB)', '(มุมมอง - NOUN)', '(ที่ - DET)', '(ดี - ADJ)'], ['(ต้อง - VERB)', '(มี - VERB)', '(สำหรับ - ADP)', '(การ - NOUN)', '(เดินทาง - VERB)', '(ไป - PART)', '(ภูเก็ต - NOUN)', '(อย่าง - ADP)', '(แน่นอน - ADJ)']]","{'(สถานที่ - NOUN)': 1, '(การ - NOUN)': 2, '(ชม - NOUN)': 1, '(พระอาทิตย์ - NOUN)': 1, '(ผู้คน - NOUN)': 1, '(มุมมอง - NOUN)': 1, '(ภูเก็ต - NOUN)': 1}",7,8,"{'(ตก - VERB)': 1, '(ควร - VERB)': 1, '(ไป - VERB)': 1, '(รับ - VERB)': 1, '(ต้อง - VERB)': 1, '(มี - VERB)': 1, '(เดินทาง - VERB)': 1}",7,7,"{'(เหมาะ - ADJ)': 1, '(มากมาย - ADJ)': 1, '(ดี - ADJ)': 1, '(แน่นอน - ADJ)': 1}",4,4,"{'(จึง - ADV)': 1, '(ก่อน - ADV)': 1}",2,2
"[['(หนึ่ง - NUM)', '(ใน - ADP)', '(สถานที่ - NOUN)', '(ที่ - DET)', '(ดี - ADJ)', '(ที่สุด - ADV)', '(ใน - ADP)', '(การ - NOUN)', '(ชม - NOUN)', '(พระอาทิตย์ - NOUN)', '(ตก - VERB)', '(ที่ - DET)', '(ภูเก็ต - NOUN)'], ['(ต้อง - VERB)', '(ดู - VERB)'], ['(ภูมิทัศน์ - NOUN)', '(ที่ - DET)', '(สวยงาม - ADJ)', '(แม้ - ADP)', '(*มี - VERB)', '(พระอาทิตย์ - NOUN)', '(ตกมัน - VERB)', '(ก็ - ADV)', '(สวยงาม - VERB)']]","{'(สถานที่ - NOUN)': 1, '(การ - NOUN)': 1, '(ชม - NOUN)': 1, '(พระอาทิตย์ - NOUN)': 2, '(ภูเก็ต - NOUN)': 1, '(ภูมิทัศน์ - NOUN)': 1}",6,7,"{'(ตก - VERB)': 1, '(ต้อง - VERB)': 1, '(ดู - VERB)': 1, '(*มี - VERB)': 1, '(ตกมัน - VERB)': 1, '(สวยงาม - VERB)': 1}",6,6,"{'(ดี - ADJ)': 1, '(สวยงาม - ADJ)': 1}",2,2,"{'(ที่สุด - ADV)': 1, '(ก็ - ADV)': 1}",2,2
"[['(สวยงาม - PROPN)', '(และ - CCONJ)', '(เป็น - AUX)', '(หนึ่ง - NUM)', '(ใน - ADP)', '(เพดาน - NOUN)', '(ที่ - DET)', '(ดี - ADJ)', '(ที่สุด - ADV)', '(สำหรับ - ADP)', '(การ - NOUN)', '(ชม - NOUN)', '(พระอาทิตย์ - NOUN)', '(ตก - VERB)'], ['(วิว - NOUN)', '(ที่ - DET)', '(น่าตื่นตาตื่นใจ - VERB)', '(วิว - ADP)', '(กว้าง - VERB)', '(มาก - ADV)', '(และ - CCONJ)', '(เงียบสงบ - PROPN)']]","{'(เพดาน - NOUN)': 1, '(การ - NOUN)': 1, '(ชม - NOUN)': 1, '(พระอาทิตย์ - NOUN)': 1, '(วิว - NOUN)': 1}",5,5,"{'(ตก - VERB)': 1, '(น่าตื่นตาตื่นใจ - VERB)': 1, '(กว้าง - VERB)': 1}",3,3,{'(ดี - ADJ)': 1},1,1,"{'(ที่สุด - ADV)': 1, '(มาก - ADV)': 1}",2,2
"[['(วิ - NOUN)', '(วทะ - NOUN)', '(เล - NOUN)', '(ที่ - DET)', '(น่าตื่นตาตื่นใจ - VERB)', '(เพียงแค่ - ADV)', '(สวยงาม - NOUN)', '(เมื่อ - ADP)', '(พระอาทิตย์ - NOUN)', '(ตก - VERB)'], ['(แต่ - CCONJ)', '(ต้อง - VERB)', '(เดิน - VERB)', '(ไป - PART)', '(ที่ - ADP)', '(ปลายแหลม - NOUN)', '(และ - CCONJ)', '(ถนน - NOUN)', '(ขรุขระ - NOUN)', '(และ - CCONJ)', '(ลื่น - NOUN)'], ['(ต้อง - VERB)', '(ใช้ - VERB)', '(เวลา - NOUN)', '(ประมาณ - ADV)', '(สิบ - NUM)', '(ห้า - NOUN)', '(นาที - NOUN)', '(ใน - ADP)', '(การ - NOUN)', '(เข้าถึง - ADP)', '(ส่วน - NOUN)', '(ปลาย - VERB)']]","{'(วิ - NOUN)': 1, '(วทะ - NOUN)': 1, '(เล - NOUN)': 1, '(สวยงาม - NOUN)': 1, '(พระอาทิตย์ - NOUN)': 1, '(ปลายแหลม - NOUN)': 1, '(ถนน - NOUN)': 1, '(ขรุขระ - NOUN)': 1, '(ลื่น - NOUN)': 1, '(เวลา - NOUN)': 1, '(ห้า - NOUN)': 1, '(นาที - NOUN)': 1, '(การ - NOUN)': 1, '(ส่วน - NOUN)': 1}",14,14,"{'(น่าตื่นตาตื่นใจ - VERB)': 1, '(ตก - VERB)': 1, '(ต้อง - VERB)': 2, '(เดิน - VERB)': 1, '(ใช้ - VERB)': 1, '(ปลาย - VERB)': 1}",6,7,{},0,0,"{'(เพียงแค่ - ADV)': 1, '(ประมาณ - ADV)': 1}",2,2
"[['(สถานที่ - NOUN)', '(ที่ - DET)', '(สวยงาม - ADJ)', '(มาก - ADV)'], ['(ฉัน - PRON)', '(แนะนำ - VERB)', '(ให้ - VERB)', '(คุณ - PRON)', '(วางแผนการ - VERB)', '(เยี่ยม - VERB)', '(ชม - NOUN)', '(ของ - ADP)', '(คุณ - PRON)', '(ใน - ADP)', '(ช่วง - NOUN)', '(พระอาทิตย์ - NOUN)', '(ตก - VERB)', '(เพราะ - ADP)', '(วิว - PROPN)', '(จะ - VERB)', '(ยอดเยี่ยม - VERB)']]","{'(สถานที่ - NOUN)': 1, '(ชม - NOUN)': 1, '(ช่วง - NOUN)': 1, '(พระอาทิตย์ - NOUN)': 1}",4,4,"{'(แนะนำ - VERB)': 1, '(ให้ - VERB)': 1, '(วางแผนการ - VERB)': 1, '(เยี่ยม - VERB)': 1, '(ตก - VERB)': 1, '(จะ - VERB)': 1, '(ยอดเยี่ยม - VERB)': 1}",7,7,{'(สวยงาม - ADJ)': 1},1,1,{'(มาก - ADV)': 1},1,1
"[['(สถานที่ - NOUN)', '(ที่ - DET)', '(ดี - ADJ)', '(ใน - ADP)', '(จังหวัด - NOUN)', '(ภูเก็ต - NOUN)', '(พร้อม - VERB)', '(วิว - NOUN)', '(ที่ - DET)', '(ยอดเยี่ยม - ADJ)'], ['(มุมมอง - NOUN)', '(น่ากลัว - PROPN)', '(และ - CCONJ)', '(เป็น - AUX)', '(สถานที่ - NOUN)', '(ที่ - DET)', '(ยอดเยี่ยม - VERB)', '(สำหรับ - ADP)', '(การ - NOUN)', '(คลิก - VERB)', '(รูปภาพ - NOUN)']]","{'(สถานที่ - NOUN)': 2, '(จังหวัด - NOUN)': 1, '(ภูเก็ต - NOUN)': 1, '(วิว - NOUN)': 1, '(มุมมอง - NOUN)': 1, '(การ - NOUN)': 1, '(รูปภาพ - NOUN)': 1}",7,8,"{'(พร้อม - VERB)': 1, '(ยอดเยี่ยม - VERB)': 1, '(คลิก - VERB)': 1}",3,3,"{'(ดี - ADJ)': 1, '(ยอดเยี่ยม - ADJ)': 1}",2,2,{},0,0
"[['(บางสิ่งบางอย่าง - NOUN)', '(รู้สึก - VERB)', '(พิเศษ - ADJ)', '(เกี่ยวกับ - ADP)', '(การ - NOUN)', '(ยืน - VERB)', '(ที่ - DET)', '(จุด - VERB)', '(ใต้ - ADP)', '(สุด - ADJ)', '(ของ - ADP)', '(สถานที่ - NOUN)'], ['(เดียวกัน - PROPN)', '(สามารถ - VERB)', '(พูด - VERB)', '(ได้ - PART)', '(สำหรับ - ADP)', '(จุด - NOUN)', '(ทาง - ADP)', '(ใต้ - NOUN)', '(ของ - ADP)', '(ภูเก็ต - NOUN)'], ['(มัน - PRON)', '(มี - VERB)', '(สิบ - NUM)', '(ห้า - NOUN)', '(เดิน - VERB)', '(จาก - ADP)', '(จุด - NOUN)', '(ชม - VERB)', '(วิว - VERB)', '(ลง - PART)', '(ไป - PART)', '(ยัง - ADP)', '(จุด - NOUN)', '(ที่ - DET)', '(มี - VERB)', '(แค - NOUN)', '(รนส์ - NOUN)', '(หิน - NOUN)', '(สอง - NUM)', '(แห่ง - NOUN)'], ['(มัน - PRON)', '(เป็นความ - VERB)', '(สงบ - NOUN)', '(เพราะ - ADP)', '(*มี - VERB)', '(ใคร - PRON)', '(มา - PART)', '(รบกวน - VERB)', '(เดิน - VERB)', '(ลง - PART)', '(ไป - PART)']]","{'(บางสิ่งบางอย่าง - NOUN)': 1, '(การ - NOUN)': 1, '(สถานที่ - NOUN)': 1, '(จุด - NOUN)': 3, '(ใต้ - NOUN)': 1, '(ภูเก็ต - NOUN)': 1, '(ห้า - NOUN)': 1, '(แค - NOUN)': 1, '(รนส์ - NOUN)': 1, '(หิน - NOUN)': 1, '(แห่ง - NOUN)': 1, '(สงบ - NOUN)': 1}",12,14,"{'(รู้สึก - VERB)': 1, '(ยืน - VERB)': 1, '(จุด - VERB)': 1, '(สามารถ - VERB)': 1, '(พูด - VERB)': 1, '(มี - VERB)': 2, '(เดิน - VERB)': 2, '(ชม - VERB)': 1, '(วิว - VERB)': 1, '(เป็นความ - VERB)': 1, '(*มี - VERB)': 1, '(รบกวน - VERB)': 1}",12,14,"{'(พิเศษ - ADJ)': 1, '(สุด - ADJ)': 1}",2,2,{},0,0
"[['(เป็น - AUX)', '(วิธี - NOUN)', '(ที่ - DET)', '(สวยงาม - ADJ)', '(มาก - ADV)', '(ใน - ADP)', '(การ - NOUN)', '(เพลิดเพลิน - PROPN)', '(กับ - CCONJ)', '(ช่วง - NOUN)', '(บ่าย - NOUN)'], ['(ขอ - NOUN)', '(แนะนำ - VERB)', '(ให้ - VERB)', '(นำ - VERB)', '(จักรยาน - NOUN)', '(มา - PART)', '(ที่นี่ - ADP)', '(หาก - ADP)', '(คุณ - PRON)', '(มา - PART)', '(จาก - ADP)', '(ภูเก็ต - NOUN)', '(หรือ - CCONJ)', '(ภาคกลาง - NOUN)', '(ขับรถ - NOUN)', '(สวย - NOUN)'], ['(คุณ - PRON)', '(สามารถ - VERB)', '(ติดตาม - VERB)', '(เส้นทาง - VERB)', '(เพื่อ - ADP)', '(ไป - VERB)', '(ยัง - ADP)', '(จุด - NOUN)', '(สุดท้าย - ADJ)', '(ใน - ADP)', '(แหลม - NOUN)'], ['(มัน - PRON)', '(วิเศษ - ADJ)', '(มาก - ADV)', '(ที่ - DET)', '(ได้ - PART)', '(นั่ง - VERB)', '(ที่นั่น - ADV)', '(และ - CCONJ)', '(ดู - VERB)', '(พระอาทิตย์ - NOUN)', '(ตกดิน - VERB)', '(ใน - ADP)', '(ระยะ - NOUN)', '(ไกล - ADJ)'], ['(เรา - PRON)', '(สามารถ - VERB)', '(ใช้ - VERB)', '(เวลา - NOUN)', '(ใกล้ - ADV)', '(กับ - ADP)', '(เก้า - PROPN)', '(สิบ - NUM)', '(นาที - NOUN)', '(ได้ - PART)', '(อย่าง - ADP)', '(ง่ายดาย - PROPN)']]","{'(วิธี - NOUN)': 1, '(การ - NOUN)': 1, '(ช่วง - NOUN)': 1, '(บ่าย - NOUN)': 1, '(ขอ - NOUN)': 1, '(จักรยาน - NOUN)': 1, '(ภูเก็ต - NOUN)': 1, '(ภาคกลาง - NOUN)': 1, '(ขับรถ - NOUN)': 1, '(สวย - NOUN)': 1, '(จุด - NOUN)': 1, '(แหลม - NOUN)': 1, '(พระอาทิตย์ - NOUN)': 1, '(ระยะ - NOUN)': 1, '(เวลา - NOUN)': 1, '(นาที - NOUN)': 1}",16,16,"{'(แนะนำ - VERB)': 1, '(ให้ - VERB)': 1, '(นำ - VERB)': 1, '(สามารถ - VERB)': 2, '(ติดตาม - VERB)': 1, '(เส้นทาง - VERB)': 1, '(ไป - VERB)': 1, '(นั่ง - VERB)': 1, '(ดู - VERB)': 1, '(ตกดิน - VERB)': 1, '(ใช้ - VERB)': 1}",11,12,"{'(สวยงาม - ADJ)': 1, '(สุดท้าย - ADJ)': 1, '(วิเศษ - ADJ)': 1, '(ไกล - ADJ)': 1}",4,4,"{'(มาก - ADV)': 2, '(ที่นั่น - ADV)': 1, '(ใกล้ - ADV)': 1}",3,4
"[['(บรรยากาศ - NOUN)', '(ตอนค่ำ - NOUN)', '(นั้น - DET)', '(สวยงาม - ADJ)', '(มาก - ADV)', '(ๆ - SYM)'], ['(สำหรับ - ADP)', '(การ - NOUN)', '(ดู - VERB)', '(พระอาทิตย์ - NOUN)', '(ตก - VERB)', '(โดยเฉพาะ - ADJ)', '(ใน - ADP)', '(วันที่ - NOUN)', '(มี - VERB)', '(เมฆมาก - ADJ)', '(เมื่อ - ADP)', '(แสง - NOUN)', '(ดวงอาทิตย์ - NOUN)', '(ส่อง - NOUN)', '(ผ่าน - VERB)', '(เมฆ - NOUN)', '(ดูเหมือนว่า - ADP)', '(ทูต - NOUN)', '(สวรรค์ - VERB)', '(ลง - PART)', '(มา - PART)', '(จาก - ADP)', '(เบื้องบน - NOUN)', '(และ - CCONJ)', '(ดวงอาทิตย์ - NOUN)', '(เคลื่อน - VERB)', '(ลง - PART)', '(สู่ - ADP)', '(ขอบฟ้า - NOUN)', '(อย่าง - ADP)', '(ช้าๆ - NOUN)'], ['(ทะเล - NOUN)', '(ที่ - DET)', '(สวยงาม - ADJ)']]","{'(บรรยากาศ - NOUN)': 1, '(ตอนค่ำ - NOUN)': 1, '(การ - NOUN)': 1, '(พระอาทิตย์ - NOUN)': 1, '(วันที่ - NOUN)': 1, '(แสง - NOUN)': 1, '(ดวงอาทิตย์ - NOUN)': 2, '(ส่อง - NOUN)': 1, '(เมฆ - NOUN)': 1, '(ทูต - NOUN)': 1, '(เบื้องบน - NOUN)': 1, '(ขอบฟ้า - NOUN)': 1, '(ช้าๆ - NOUN)': 1, '(ทะเล - NOUN)': 1}",14,15,"{'(ดู - VERB)': 1, '(ตก - VERB)': 1, '(มี - VERB)': 1, '(ผ่าน - VERB)': 1, '(สวรรค์ - VERB)': 1, '(เคลื่อน - VERB)': 1}",6,6,"{'(สวยงาม - ADJ)': 2, '(โดยเฉพาะ - ADJ)': 1, '(เมฆมาก - ADJ)': 1}",3,4,{'(มาก - ADV)': 1},1,1
"[['(ว้า - NOUN)', '(วมัน - PROPN)', '(เป็น - AUX)', '(จุด - NOUN)', '(ที่ - DET)', '(*ควร - VERB)', '(พลาด - NOUN)', '(ใน - ADP)', '(จังหวัด - NOUN)', '(ภูเก็ต - NOUN)'], ['(วิว - PROPN)', '(พระอาทิตย์ - NOUN)', '(ตก - VERB)', '(ที่ - DET)', '(ยอดเยี่ยม - ADJ)'], ['(ลอง - NOUN)', '(เดิน - VERB)', '(ไป - PART)', '(ที่ - ADP)', '(แหลม - PROPN)', '(เพราะ - ADP)', '(จุด - NOUN)', '(ชม - VERB)', '(วิว - VERB)', '(จะ - VERB)', '(เต็มไปด้วย - VERB)', '(ผู้คน - NOUN)'], ['(เรา - PRON)', '(แค่ - ADV)', '(นั่ง - VERB)', '(ที่ - ADP)', '(แหลม - NOUN)', '(เพื่อ - ADP)', '(ทำ - VERB)', '(ใจ - NOUN)', '(ให้ - VERB)', '(สบาย - VERB)', '(และ - CCONJ)', '(รอ - NOUN)', '(พระอาทิตย์ - NOUN)', '(ตก - VERB)'], ['(แต่ - CCONJ)', '(ถนน - VERB)', '(ไป - PART)', '(แหลม - ADV)', '(ก็ - ADV)', '(ยาก - ADV)', '(และ - CCONJ)', '(มัน - PRON)', '(จะ - VERB)', '(ดี - ADV)', '(ถ้า - ADP)', '(คุณ - PRON)', '(ใส่ - VERB)', '(รองเท้ากีฬา - NOUN)', '(และ - CCONJ)', '(*ใส่ - VERB)', '(รองเท้า - NOUN)']]","{'(ว้า - NOUN)': 1, '(จุด - NOUN)': 2, '(พลาด - NOUN)': 1, '(จังหวัด - NOUN)': 1, '(ภูเก็ต - NOUN)': 1, '(พระอาทิตย์ - NOUN)': 2, '(ลอง - NOUN)': 1, '(ผู้คน - NOUN)': 1, '(แหลม - NOUN)': 1, '(ใจ - NOUN)': 1, '(รอ - NOUN)': 1, '(รองเท้ากีฬา - NOUN)': 1, '(รองเท้า - NOUN)': 1}",13,15,"{'(*ควร - VERB)': 1, '(ตก - VERB)': 2, '(เดิน - VERB)': 1, '(ชม - VERB)': 1, '(วิว - VERB)': 1, '(จะ - VERB)': 2, '(เต็มไปด้วย - VERB)': 1, '(นั่ง - VERB)': 1, '(ทำ - VERB)': 1, '(ให้ - VERB)': 1, '(สบาย - VERB)': 1, '(ถนน - VERB)': 1, '(ใส่ - VERB)': 1, '(*ใส่ - VERB)': 1}",14,16,{'(ยอดเยี่ยม - ADJ)': 1},1,1,"{'(แค่ - ADV)': 1, '(แหลม - ADV)': 1, '(ก็ - ADV)': 1, '(ยาก - ADV)': 1, '(ดี - ADV)': 1}",5,5
"[['(สถานที่ - NOUN)', '(ที่ - DET)', '(เหมาะ - ADJ)', '(สำหรับ - ADP)', '(การ - NOUN)', '(เยี่ยม - ADJ)', '(ชม - NOUN)', '(พระอาทิตย์ - NOUN)', '(ตก - VERB)', '(โดยเฉพาะอย่างยิ่ง - ADV)'], ['(แต่ - CCONJ)', '(สามารถ - VERB)', '(ยุ่ง - VERB)', '(มาก - ADV)', '(ใน - ADP)', '(เวลา - NOUN)', '(นี้ - DET)'], ['(แต่ - CCONJ)', '(ก็ - ADV)', '(ยัง - PART)', '(คุ้มค่า - ADJ)', '(แก่ - ADP)', '(การ - NOUN)', '(เยี่ยม - ADJ)', '(ชม - NOUN)']]","{'(สถานที่ - NOUN)': 1, '(การ - NOUN)': 2, '(ชม - NOUN)': 2, '(พระอาทิตย์ - NOUN)': 1, '(เวลา - NOUN)': 1}",5,7,"{'(ตก - VERB)': 1, '(สามารถ - VERB)': 1, '(ยุ่ง - VERB)': 1}",3,3,"{'(เหมาะ - ADJ)': 1, '(เยี่ยม - ADJ)': 2, '(คุ้มค่า - ADJ)': 1}",3,4,"{'(โดยเฉพาะอย่างยิ่ง - ADV)': 1, '(มาก - ADV)': 1, '(ก็ - ADV)': 1}",3,3
"[['(ช่วง - NOUN)', '(ระยะ - NOUN)', '(การ - NOUN)', '(เดินทาง - VERB)', '(ที่ - DET)', '(ดี - ADJ)', '(ลง - ADV)', '(ไป - PART)', '(ดู - VERB)', '(พระอาทิตย์ - NOUN)', '(ตก - VERB)'], ['(นักท่องเที่ยว - NOUN)', '(จำนวน - NOUN)', '(มาก - ADJ)', '(พัก - NOUN)', '(อยู่ - VERB)', '(ที่ - ADP)', '(จุดสูงสุด - ADV)'], ['(แต่ - CCONJ)', '(ก็ - ADV)', '(คุ้มค่า - VERB)', '(กับ - ADP)', '(การ - NOUN)', '(ขึ้น - PART)', '(ลง - PART)']]","{'(ช่วง - NOUN)': 1, '(ระยะ - NOUN)': 1, '(การ - NOUN)': 2, '(พระอาทิตย์ - NOUN)': 1, '(นักท่องเที่ยว - NOUN)': 1, '(จำนวน - NOUN)': 1, '(พัก - NOUN)': 1}",7,8,"{'(เดินทาง - VERB)': 1, '(ดู - VERB)': 1, '(ตก - VERB)': 1, '(อยู่ - VERB)': 1, '(คุ้มค่า - VERB)': 1}",5,5,"{'(ดี - ADJ)': 1, '(มาก - ADJ)': 1}",2,2,"{'(ลง - ADV)': 1, '(จุดสูงสุด - ADV)': 1, '(ก็ - ADV)': 1}",3,3
"[['(เรียบร้อย - ADJ)', '(สุด - ADV)', '(ๆ - SYM)'], ['(ฉัน - PRON)', '(ไป - VERB)', '(ถึง - ADP)', '(ที่นั่น - ADP)', '(ตอน - NOUN)', '(เก้า - NOUN)', '(โมง - PROPN)', '(เพื่อ - ADP)', '(พยายาม - VERB)', '(ตกปลา - VERB)', '(จาก - ADP)', '(หิน - NOUN)'], ['(มัน - PRON)', '(เป็น - AUX)', '(ธุดงค์ - NOUN)', '(ง่าย - ADJ)', '(และ - CCONJ)', '(สวยงาม - NOUN)', '(จริงๆ - NOUN)'], ['(ระวัง - VERB)', '(ลม - NOUN)', '(และ - CCONJ)', '(ชายคา - NOUN)', '(บ้าน - NOUN)', '(หาก - ADP)', '(คุณ - PRON)', '(*คุ้นเคย - VERB)', '(กับ - ADP)', '(สิ่ง - NOUN)', '(นั้น - DET)'], ['(งดงาม - PROPN)', '(และ - CCONJ)', '(น่าทึ่ง - VERB)', '(จริงๆ - VERB)'], ['(ฉัน - PRON)', '(ปีน - VERB)', '(ลง - PART)', '(มา - PART)', '(จากนั้น - ADV)', '(ปรับขนาด - NOUN)', '(กำแพง - VERB)', '(เพื่อ - ADP)', '(ไป - VERB)', '(ที่ - ADP)', '(ชายหาด - NOUN)', '(เล็ก - ADJ)', '(ๆ - SYM)'], ['(ส่วนตัว - NOUN)', '(ทาง - ADP)', '(ด้าน - NOUN)', '(ตะวันออก - VERB)'], ['(สุดยอด - NOUN)', '(อยาก - VERB)', '(จะ - VERB)', '(แนะนำ - VERB)']]","{'(ตอน - NOUN)': 1, '(เก้า - NOUN)': 1, '(หิน - NOUN)': 1, '(ธุดงค์ - NOUN)': 1, '(สวยงาม - NOUN)': 1, '(จริงๆ - NOUN)': 1, '(ลม - NOUN)': 1, '(ชายคา - NOUN)': 1, '(บ้าน - NOUN)': 1, '(สิ่ง - NOUN)': 1, '(ปรับขนาด - NOUN)': 1, '(ชายหาด - NOUN)': 1, '(ส่วนตัว - NOUN)': 1, '(ด้าน - NOUN)': 1, '(สุดยอด - NOUN)': 1}",15,15,"{'(ไป - VERB)': 2, '(พยายาม - VERB)': 1, '(ตกปลา - VERB)': 1, '(ระวัง - VERB)': 1, '(*คุ้นเคย - VERB)': 1, '(น่าทึ่ง - VERB)': 1, '(จริงๆ - VERB)': 1, '(ปีน - VERB)': 1, '(กำแพง - VERB)': 1, '(ตะวันออก - VERB)': 1, '(อยาก - VERB)': 1, '(จะ - VERB)': 1, '(แนะนำ - VERB)': 1}",13,14,"{'(เรียบร้อย - ADJ)': 1, '(ง่าย - ADJ)': 1, '(เล็ก - ADJ)': 1}",3,3,"{'(สุด - ADV)': 1, '(จากนั้น - ADV)': 1}",2,2
"[['(จุด - NOUN)', '(ชม - VERB)', '(วิว - VERB)', '(ที่ - DET)', '(ดี - ADJ)', '(นอกจากนี้ - DET)', '(ยัง - PART)', '(มี - VERB)', '(เส้นทาง - NOUN)', '(เล็ก - ADJ)', '(ๆ - SYM)'], ['(ใน - ADP)', '(สถานที่ - NOUN)', '(ใกล้ - VERB)', '(กับ - ADP)', '(มหาสมุทร - NOUN)', '(ไม่ใช่ - PROPN)', '(เส้นทาง - VERB)', '(ที่ - DET)', '(ง่าย - ADJ)', '(ที่สุด - ADV)', '(ที่ - DET)', '(จะ - VERB)', '(ใช้ - VERB)'], ['(แต่ - CCONJ)', '(ฉัน - PRON)', '(คิด - VERB)', '(ว่า - ADP)', '(เส้นทาง - NOUN)', '(เดิน - VERB)', '(ทุก - DET)', '(เส้นทาง - NOUN)', '(*เหมาะ - ADJ)', '(สำหรับ - ADP)', '(ผู้ - NOUN)', '(ที่ - DET)', '(เป็น - AUX)', '(มิตร - NOUN)'], ['(ต่อไป - ADV)', '(พวกเขา - PRON)', '(อยู่ - PART)', '(ภายใต้ - NOUN)', '(การ - NOUN)', '(ปรับปรุง - NOUN)', '(การ - NOUN)', '(ก่อสร้าง - VERB)', '(บาง - DET)', '(ส่วน - NOUN)', '(ซึ่ง - DET)', '(ทำให้ - VERB)', '(บาง - DET)', '(ส่วน - NOUN)', '(ปิด - VERB)'], ['(นักท่องเที่ยว - NOUN)', '(จำนวน - NOUN)', '(มาก - ADJ)', '(เช่นกัน - PROPN)', '(ดังนั้น - ADJ)', '(ยัง - PART)', '(มี - VERB)', '(ร้านค้า - NOUN)', '(เล็ก - ADJ)', '(ๆ - SYM)'], ['(น้อยๆ - NOUN)'], ['(มากมาย - ADJ)']]","{'(จุด - NOUN)': 1, '(เส้นทาง - NOUN)': 3, '(สถานที่ - NOUN)': 1, '(มหาสมุทร - NOUN)': 1, '(ผู้ - NOUN)': 1, '(มิตร - NOUN)': 1, '(ภายใต้ - NOUN)': 1, '(การ - NOUN)': 2, '(ปรับปรุง - NOUN)': 1, '(ส่วน - NOUN)': 2, '(นักท่องเที่ยว - NOUN)': 1, '(จำนวน - NOUN)': 1, '(ร้านค้า - NOUN)': 1, '(น้อยๆ - NOUN)': 1}",14,18,"{'(ชม - VERB)': 1, '(วิว - VERB)': 1, '(มี - VERB)': 2, '(ใกล้ - VERB)': 1, '(เส้นทาง - VERB)': 1, '(จะ - VERB)': 1, '(ใช้ - VERB)': 1, '(คิด - VERB)': 1, '(เดิน - VERB)': 1, '(ก่อสร้าง - VERB)': 1, '(ทำให้ - VERB)': 1, '(ปิด - VERB)': 1}",12,13,"{'(ดี - ADJ)': 1, '(เล็ก - ADJ)': 2, '(ง่าย - ADJ)': 1, '(*เหมาะ - ADJ)': 1, '(มาก - ADJ)': 1, '(ดังนั้น - ADJ)': 1, '(มากมาย - ADJ)': 1}",7,8,"{'(ที่สุด - ADV)': 1, '(ต่อไป - ADV)': 1}",2,2
"[['(พระอาทิตย์ - NOUN)', '(ตก - VERB)', '(*เคย - PART)', '(แก่ - ADP)', '(จาก - ADP)', '(ที่ใด - NOUN)', '(ก็ตาม - VERB)', '(ที่ - DET)', '(คุณ - PRON)', '(เห็น - VERB)'], ['(อย่างไรก็ตาม - PROPN)', '(แหลม - PROPN)', '(พรหม - NOUN)', '(เทพ - NOUN)', '(จะ - VERB)', '(ทำให้ - VERB)', '(ประสบการณ์ - NOUN)', '(นั้น - DET)', '(*มี - VERB)', '(วัน - NOUN)', '(ลืมเลือน - VERB)'], ['(มัน - PRON)', '(เป็น - AUX)', '(จุด - NOUN)', '(ชม - VERB)', '(วิว - VERB)', '(ใน - ADP)', '(จังหวัด - NOUN)', '(ภูเก็ต - NOUN)', '(ที่ - DET)', '(สามารถ - VERB)', '(มองเห็น - VERB)', '(ทะเลอันดามัน - NOUN)', '(และ - CCONJ)', '(ล้อมรอบ - NOUN)', '(ด้วย - ADP)', '(น้ำ - NOUN)', '(จาก - ADP)', '(สาม - NUM)', '(ด้าน - NOUN)'], ['(คุณ - PRON)', '(จะ - VERB)', '(รู้สึก - VERB)', '(ถึง - ADP)', '(สายลม - NOUN)', '(ที่ - DET)', '(เค็ม - ADJ)', '(ล่องเรือ - NOUN)', '(โดดเดี่ยว - VERB)', '(บน - ADP)', '(ขอบฟ้า - NOUN)', '(และ - CCONJ)', '(เห็น - VERB)', '(ได้ - VERB)', '(ชัด - ADV)', '(ว่า - ADP)', '(ดวงอาทิตย์ - NOUN)', '(สัมผัส - VERB)', '(เส้น - NOUN)', '(ที่ - DET)', '(ทะเล - NOUN)', '(และ - CCONJ)', '(ท้องฟ้า - NOUN)', '(พบ - VERB)'], ['(คุณ - PRON)', '(*มี - VERB)', '(วัน - NOUN)', '(ลืม - VERB)', '(ประสบการณ์ - NOUN)', '(นั้น - DET)'], ['(ต้อง - VERB)', '(ดู - VERB)']]","{'(พระอาทิตย์ - NOUN)': 1, '(ที่ใด - NOUN)': 1, '(พรหม - NOUN)': 1, '(เทพ - NOUN)': 1, '(ประสบการณ์ - NOUN)': 2, '(วัน - NOUN)': 2, '(จุด - NOUN)': 1, '(จังหวัด - NOUN)': 1, '(ภูเก็ต - NOUN)': 1, '(ทะเลอันดามัน - NOUN)': 1, '(ล้อมรอบ - NOUN)': 1, '(น้ำ - NOUN)': 1, '(ด้าน - NOUN)': 1, '(สายลม - NOUN)': 1, '(ล่องเรือ - NOUN)': 1, '(ขอบฟ้า - NOUN)': 1, '(ดวงอาทิตย์ - NOUN)': 1, '(เส้น - NOUN)': 1, '(ทะเล - NOUN)': 1, '(ท้องฟ้า - NOUN)': 1}",20,22,"{'(ตก - VERB)': 1, '(ก็ตาม - VERB)': 1, '(เห็น - VERB)': 2, '(จะ - VERB)': 2, '(ทำให้ - VERB)': 1, '(*มี - VERB)': 2, '(ลืมเลือน - VERB)': 1, '(ชม - VERB)': 1, '(วิว - VERB)': 1, '(สามารถ - VERB)': 1, '(มองเห็น - VERB)': 1, '(รู้สึก - VERB)': 1, '(โดดเดี่ยว - VERB)': 1, '(ได้ - VERB)': 1, '(สัมผัส - VERB)': 1, '(พบ - VERB)': 1, '(ลืม - VERB)': 1, '(ต้อง - VERB)': 1, '(ดู - VERB)': 1}",19,22,{'(เค็ม - ADJ)': 1},1,1,{'(ชัด - ADV)': 1},1,1
"[['(ต้อง - VERB)', '(ไป - VERB)', '(สถานที่ - NOUN)', '(ใน - ADP)', '(ภูเก็ต - NOUN)', '(แม้ - ADP)', '(ใน - ADP)', '(ระหว่าง - ADP)', '(วันที่ - NOUN)', '(มี - VERB)', '(มุมมอง - NOUN)', '(ที่ - DET)', '(น่าทึ่ง - VERB)']]","{'(สถานที่ - NOUN)': 1, '(ภูเก็ต - NOUN)': 1, '(วันที่ - NOUN)': 1, '(มุมมอง - NOUN)': 1}",4,4,"{'(ต้อง - VERB)': 1, '(ไป - VERB)': 1, '(มี - VERB)': 1, '(น่าทึ่ง - VERB)': 1}",4,4,{},0,0,{},0,0
"[['(สถานที่ - NOUN)', '(ที่ - DET)', '(ดี - ADJ)', '(ที่สุด - ADV)', '(ใน - ADP)', '(การ - NOUN)', '(ชม - NOUN)', '(พระอาทิตย์ - NOUN)', '(ตก - VERB)', '(ใน - ADP)', '(จังหวัด - NOUN)', '(ภูเก็ต - NOUN)', '(สถานที่ - NOUN)', '(ที่ - DET)', '(ยอดเยี่ยม - VERB)', '(สำหรับ - ADP)', '(การ - NOUN)', '(ถ่ายรูป - VERB)', '(โปรดทราบ - VERB)', '(ว่า - ADP)', '(มี - VERB)', '(บันได - NOUN)', '(บาง - DET)', '(อย่าง - NOUN)', '(ที่ - DET)', '(คุณ - PRON)', '(ต้อง - VERB)', '(ปีน - VERB)', '(ขึ้น - PART)', '(ไป - PART)']]","{'(สถานที่ - NOUN)': 2, '(การ - NOUN)': 2, '(ชม - NOUN)': 1, '(พระอาทิตย์ - NOUN)': 1, '(จังหวัด - NOUN)': 1, '(ภูเก็ต - NOUN)': 1, '(บันได - NOUN)': 1, '(อย่าง - NOUN)': 1}",8,10,"{'(ตก - VERB)': 1, '(ยอดเยี่ยม - VERB)': 1, '(ถ่ายรูป - VERB)': 1, '(โปรดทราบ - VERB)': 1, '(มี - VERB)': 1, '(ต้อง - VERB)': 1, '(ปีน - VERB)': 1}",7,7,{'(ดี - ADJ)': 1},1,1,{'(ที่สุด - ADV)': 1},1,1
"[['(มา - PART)', '(ที่นี่ - ADV)', '(เพื่อ - ADP)', '(ดู - VERB)', '(พระอาทิตย์ - NOUN)', '(ตก - VERB)'], ['(*มี - VERB)', '(อะไร - PRON)', '(พิเศษ - ADJ)', '(เกี่ยวกับ - ADV)', '(พระอาทิตย์ - NOUN)', '(ตก - VERB)'], ['(สถานที่ - NOUN)', '(แออัด - VERB)', '(และ - CCONJ)', '(หา - VERB)', '(ที่จอดรถ - NOUN)', '(ยาก - ADV)'], ['(พบ - VERB)', '(กับ - ADP)', '(นักแสดง - NOUN)', '(ข้างถนน - NOUN)', '(*กี่ - ADJ)', '(คน - NOUN)', '(ที่นี่ - ADJ)']]","{'(พระอาทิตย์ - NOUN)': 2, '(สถานที่ - NOUN)': 1, '(ที่จอดรถ - NOUN)': 1, '(นักแสดง - NOUN)': 1, '(ข้างถนน - NOUN)': 1, '(คน - NOUN)': 1}",6,7,"{'(ดู - VERB)': 1, '(ตก - VERB)': 2, '(*มี - VERB)': 1, '(แออัด - VERB)': 1, '(หา - VERB)': 1, '(พบ - VERB)': 1}",6,7,"{'(พิเศษ - ADJ)': 1, '(*กี่ - ADJ)': 1, '(ที่นี่ - ADJ)': 1}",3,3,"{'(ที่นี่ - ADV)': 1, '(เกี่ยวกับ - ADV)': 1, '(ยาก - ADV)': 1}",3,3
"[['(มัน - PRON)', '(เป็น - AUX)', '(จุด - NOUN)', '(ชม - VERB)', '(พระอาทิตย์ - NOUN)', '(ตก - VERB)', '(ที่ - DET)', '(สวยงาม - ADJ)', '(และ - CCONJ)', '(เป็น - AUX)', '(สถานที่ท่องเที่ยว - NOUN)'], ['(คุณ - PRON)', '(สามารถ - VERB)', '(เดิน - VERB)', '(ไป - PART)', '(รอบๆ - VERB)'], ['(คลิก - VERB)', '(ที่ - ADP)', '(ภาพ - NOUN)', '(และ - CCONJ)', '(นั่ง - VERB)', '(สักพัก - NOUN)', '(เพราะ - ADP)', '(มี - VERB)', '(ทาง - ADP)', '(เดินสวน - NOUN)', '(และ - CCONJ)', '(สถานที่ - NOUN)', '(ต่างๆ - VERB)'], ['(ให้ - VERB)', '(นั่ง - VERB)'], ['(อย่า - NOUN)', '(ลืม - VERB)', '(กล้อง - VERB)', '(ของ - ADP)', '(คุณ - PRON)', '(เมื่อ - ADP)', '(คุณ - PRON)', '(เยี่ยม - ADJ)', '(ชม - ADV)', '(ที่นี่ - PRON)'], ['(พก - NOUN)', '(ของกิน - NOUN)', '(และ - CCONJ)', '(ดื่ม - VERB)', '(ขณะที่ - NOUN)', '(คุณ - NOUN)', '(เพลิดเพลิน - PROPN)', '(ไป - PART)', '(กับ - ADP)', '(ความ - NOUN)', '(งาม - ADJ)', '(รอบๆ - NOUN)'], ['(ตัว - NOUN)', '(คุณ - NOUN)']]","{'(จุด - NOUN)': 1, '(พระอาทิตย์ - NOUN)': 1, '(สถานที่ท่องเที่ยว - NOUN)': 1, '(ภาพ - NOUN)': 1, '(สักพัก - NOUN)': 1, '(เดินสวน - NOUN)': 1, '(สถานที่ - NOUN)': 1, '(อย่า - NOUN)': 1, '(พก - NOUN)': 1, '(ของกิน - NOUN)': 1, '(ขณะที่ - NOUN)': 1, '(คุณ - NOUN)': 2, '(ความ - NOUN)': 1, '(รอบๆ - NOUN)': 1, '(ตัว - NOUN)': 1}",15,16,"{'(ชม - VERB)': 1, '(ตก - VERB)': 1, '(สามารถ - VERB)': 1, '(เดิน - VERB)': 1, '(รอบๆ - VERB)': 1, '(คลิก - VERB)': 1, '(นั่ง - VERB)': 2, '(มี - VERB)': 1, '(ต่างๆ - VERB)': 1, '(ให้ - VERB)': 1, '(ลืม - VERB)': 1, '(กล้อง - VERB)': 1, '(ดื่ม - VERB)': 1}",13,14,"{'(สวยงาม - ADJ)': 1, '(เยี่ยม - ADJ)': 1, '(งาม - ADJ)': 1}",3,3,{'(ชม - ADV)': 1},1,1
"[['(พยายาม - VERB)', '(อย่า - VERB)', '(ไป - PART)', '(ที่นี่ - ADV)', '(ใน - ADP)', '(ช่วง - NOUN)', '(เที่ยง - NOUN)', '(สูง - ADJ)', '(เหมือน - AUX)', '(ฉัน - PRON)'], ['(นี่ - PRON)', '(เป็น - AUX)', '(จุด - NOUN)', '(ที่ - DET)', '(น่าตื่นตาตื่นใจ - VERB)', '(ที่สุด - ADV)', '(ใน - ADP)', '(ภูเก็ต - NOUN)'], ['(ฉัน - PRON)', '(จะ - VERB)', '(บอก - VERB)', '(ว่า - ADP)', '(ต้อง - VERB)', '(ดู - VERB)', '(ว่า - ADP)', '(คุณ - PRON)', '(ชอบ - VERB)', '(ถ่ายรูป - VERB)', '(ไหม - PROPN)'], ['(หลีกเลี่ยง - VERB)', '(ใน - ADP)', '(ช่วง - NOUN)', '(เที่ยงวัน - NOUN)', '(ฉัน - PRON)', '(*เคย - PART)', '(มา - PART)', '(ที่นี่ - ADV)', '(เพื่อ - ADP)', '(ชม - VERB)', '(พระอาทิตย์ - NOUN)', '(ตก - VERB)'], ['(แต่ - CCONJ)', '(ฉัน - PRON)', '(คิด - VERB)', '(ว่า - ADP)', '(มัน - PRON)', '(น่า - VERB)', '(เหลือเชื่อ - ADV)'], ['(รูป - NOUN)', '(ของ - ADP)', '(ฉัน - PRON)', '(*พร้อม - VERB)', '(ใช้งาน - NOUN)'], ['(แต่ - CCONJ)', '(ฉัน - PRON)', '(คิด - VERB)', '(ว่า - ADP)', '(มี - VERB)', '(วิธี - NOUN)', '(ที่ - DET)', '(ดี - ADJ)', '(กว่า - ADV)', '(ของ - ADP)', '(ฉัน - PRON)', '(ใน - ADP)', '(รีวิว - NOUN)', '(ก่อนหน้านี้ - VERB)']]","{'(ช่วง - NOUN)': 2, '(เที่ยง - NOUN)': 1, '(จุด - NOUN)': 1, '(ภูเก็ต - NOUN)': 1, '(เที่ยงวัน - NOUN)': 1, '(พระอาทิตย์ - NOUN)': 1, '(รูป - NOUN)': 1, '(ใช้งาน - NOUN)': 1, '(วิธี - NOUN)': 1, '(รีวิว - NOUN)': 1}",10,11,"{'(พยายาม - VERB)': 1, '(อย่า - VERB)': 1, '(น่าตื่นตาตื่นใจ - VERB)': 1, '(จะ - VERB)': 1, '(บอก - VERB)': 1, '(ต้อง - VERB)': 1, '(ดู - VERB)': 1, '(ชอบ - VERB)': 1, '(ถ่ายรูป - VERB)': 1, '(หลีกเลี่ยง - VERB)': 1, '(ชม - VERB)': 1, '(ตก - VERB)': 1, '(คิด - VERB)': 2, '(น่า - VERB)': 1, '(*พร้อม - VERB)': 1, '(มี - VERB)': 1, '(ก่อนหน้านี้ - VERB)': 1}",17,18,"{'(สูง - ADJ)': 1, '(ดี - ADJ)': 1}",2,2,"{'(ที่นี่ - ADV)': 2, '(ที่สุด - ADV)': 1, '(เหลือเชื่อ - ADV)': 1, '(กว่า - ADV)': 1}",4,5
"[['(ts - NOUN)'], ['(สถานที่ - NOUN)', '(ที่ - DET)', '(ดี - ADJ)', '(มาก - ADV)', '(และ - CCONJ)', '(ยอดเยี่ยม - ADJ)', '(มาก - ADV)'], ['(ที่นี่ - PRON)', '(คุณ - PRON)', '(อยู่ - VERB)', '(บน - ADP)', '(มุมมอง - NOUN)', '(ที่ - DET)', '(ดี - ADJ)', '(มาก - ADV)', '(สำหรับ - ADP)', '(พระอาทิตย์ - NOUN)', '(ตก - VERB)'], ['(นักท่องเที่ยว - NOUN)', '(จำนวน - NOUN)', '(มาก - ADJ)', '(มา - PART)', '(ที่นี่ - ADV)', '(เพื่อ - ADP)', '(ดู - VERB)', '(พระอาทิตย์ - NOUN)', '(ตก - VERB)'], ['(ที่นี่ - NOUN)', '(คุณ - NOUN)', '(ถ่ายภาพ - NOUN)', '(และ - CCONJ)', '(สร้าง - VERB)', '(วิดีโอ - NOUN)', '(ที่ - DET)', '(น่าตื่นตาตื่นใจ - VERB)', '(และ - CCONJ)', '(สวยงาม - VERB)', '(มาก - ADV)', '(ๆ - SYM)'], ['(ด้านนอก - ADJ)', '(บริเวณ - NOUN)', '(นี้ - DET)', '(วิว - NOUN)', '(สวย - NOUN)', '(มาก - ADV)', '(และ - CCONJ)', '(สะอาด - ADJ)', '(มาก - ADV)', '(และ - CCONJ)', '(สะอาด - NOUN)', '(ที่นี่ - NOUN)', '(ที่นี่ - PROPN)'], ['(ฉัน - PRON)', '(ชอบ - VERB)', '(ที่นี่ - ADV)', '(มาก - ADV)', '(เกินไป - ADV)'], ['(ขอบคุณ - NOUN)']]","{'(ts - NOUN)': 1, '(สถานที่ - NOUN)': 1, '(มุมมอง - NOUN)': 1, '(พระอาทิตย์ - NOUN)': 2, '(นักท่องเที่ยว - NOUN)': 1, '(จำนวน - NOUN)': 1, '(ที่นี่ - NOUN)': 2, '(คุณ - NOUN)': 1, '(ถ่ายภาพ - NOUN)': 1, '(วิดีโอ - NOUN)': 1, '(บริเวณ - NOUN)': 1, '(วิว - NOUN)': 1, '(สวย - NOUN)': 1, '(สะอาด - NOUN)': 1, '(ขอบคุณ - NOUN)': 1}",15,17,"{'(อยู่ - VERB)': 1, '(ตก - VERB)': 2, '(ดู - VERB)': 1, '(สร้าง - VERB)': 1, '(น่าตื่นตาตื่นใจ - VERB)': 1, '(สวยงาม - VERB)': 1, '(ชอบ - VERB)': 1}",7,8,"{'(ดี - ADJ)': 2, '(ยอดเยี่ยม - ADJ)': 1, '(มาก - ADJ)': 1, '(ด้านนอก - ADJ)': 1, '(สะอาด - ADJ)': 1}",5,6,"{'(มาก - ADV)': 7, '(ที่นี่ - ADV)': 2, '(เกินไป - ADV)': 1}",3,10
"[['(นี่ - PRON)', '(เป็น - AUX)', '(หนึ่ง - NUM)', '(ใน - ADP)', '(สถานที่ - NOUN)', '(ที่ - DET)', '(ดี - ADJ)', '(ที่สุด - ADV)', '(ใน - ADP)', '(ภูเก็ต - NOUN)', '(และ - CCONJ)', '(ต้อง - VERB)', '(ไป - PART)', '(ถ้า - ADP)', '(คุณ - PRON)', '(อยู่ - VERB)', '(ที่นั่น - ADV)'], ['(ใช้ - VERB)', '(เวลา - NOUN)', '(ประมาณ - ADV)', '(สาม - NUM)', '(สิบ - NUM)', '(นาที - NOUN)', '(ใน - ADP)', '(การ - NOUN)', '(เดินทาง - VERB)', '(โดย - ADP)', '(รถยนต์ - NOUN)', '(จาก - ADP)', '(ป่า - NOUN)', '(ตอง - NOUN)'], ['(มุมมอง - NOUN)', '(ของ - ADP)', '(แหลม - PROPN)', '(จาก - ADP)', '(ด้านบน - NOUN)', '(เป็น - AUX)', '(ที่ - PRON)', '(น่าอัศจรรย์ - VERB)'], ['(หาก - ADP)', '(คุณ - PRON)', '(อยู่ - VERB)', '(จน - ADP)', '(ถึง - ADP)', '(ตอนเย็น - NOUN)', '(คุณ - NOUN)', '(อาจ - VERB)', '(จะ - VERB)', '(สามารถ - VERB)', '(ชม - VERB)', '(พระอาทิตย์ - NOUN)', '(ตก - VERB)', '(ที่ - DET)', '(สวยงาม - ADJ)'], ['(นอกจากนี้ - PRON)', '(ยัง - ADV)', '(มี - VERB)', '(ร้านอาหาร - NOUN)', '(และ - CCONJ)', '(ร้านค้า - NOUN)', '(ใน - ADP)', '(พื้นที่ - NOUN)'], ['(สถานที่ - NOUN)', '(นี้ - DET)', '(เต็มไปด้วย - ADP)', '(นักท่องเที่ยว - NOUN)', '(เสมอ - ADV)'], ['(อย่างไรก็ตาม - ADP)', '(มัน - PRON)', '(ยังคง - PART)', '(เป็น - AUX)', '(หนึ่ง - NUM)', '(ใน - ADP)', '(สถานที่ - NOUN)', '(โรแมนติก - PROPN)', '(ที่สุด - ADV)', '(รอบๆ - VERB)'], ['(ถ้า - ADP)', '(คุณ - PRON)', '(ต้องการ - VERB)', '(ที่ - ADP)', '(จะ - VERB)', '(สร้าง - VERB)', '(ความ - NOUN)', '(ประทับใจ - VERB)', '(ให้ - VERB)', '(ผู้หญิง - NOUN)', '(ลองดู - NOUN)', '(สิ - NOUN)']]","{'(สถานที่ - NOUN)': 3, '(ภูเก็ต - NOUN)': 1, '(เวลา - NOUN)': 1, '(นาที - NOUN)': 1, '(การ - NOUN)': 1, '(รถยนต์ - NOUN)': 1, '(ป่า - NOUN)': 1, '(ตอง - NOUN)': 1, '(มุมมอง - NOUN)': 1, '(ด้านบน - NOUN)': 1, '(ตอนเย็น - NOUN)': 1, '(คุณ - NOUN)': 1, '(พระอาทิตย์ - NOUN)': 1, '(ร้านอาหาร - NOUN)': 1, '(ร้านค้า - NOUN)': 1, '(พื้นที่ - NOUN)': 1, '(นักท่องเที่ยว - NOUN)': 1, '(ความ - NOUN)': 1, '(ผู้หญิง - NOUN)': 1, '(ลองดู - NOUN)': 1, '(สิ - NOUN)': 1}",21,23,"{'(ต้อง - VERB)': 1, '(อยู่ - VERB)': 2, '(ใช้ - VERB)': 1, '(เดินทาง - VERB)': 1, '(น่าอัศจรรย์ - VERB)': 1, '(อาจ - VERB)': 1, '(จะ - VERB)': 2, '(สามารถ - VERB)': 1, '(ชม - VERB)': 1, '(ตก - VERB)': 1, '(มี - VERB)': 1, '(รอบๆ - VERB)': 1, '(ต้องการ - VERB)': 1, '(สร้าง - VERB)': 1, '(ประทับใจ - VERB)': 1, '(ให้ - VERB)': 1}",16,18,"{'(ดี - ADJ)': 1, '(สวยงาม - ADJ)': 1}",2,2,"{'(ที่สุด - ADV)': 2, '(ที่นั่น - ADV)': 1, '(ประมาณ - ADV)': 1, '(ยัง - ADV)': 1, '(เสมอ - ADV)': 1}",5,6
"[['(วิว - NOUN)', '(สวย - VERB)', '(มาก - ADV)', '(ตอน - NOUN)', '(พระอาทิตย์ - NOUN)', '(ตก - VERB)'], ['(เป็น - AUX)', '(สถานที่ - NOUN)', '(ที่ - DET)', '(สมบูรณ์แบบ - VERB)', '(สำหรับ - ADP)', '(ภาพ - NOUN)', '(คู่รัก - VERB)', '(ที่ - DET)', '(โรแมนติก - VERB)', '(หรือ - CCONJ)', '(แม้กระทั่ง - NOUN)', '(สำหรับ - ADP)', '(การ - NOUN)', '(ดู - VERB)', '(เพียง - ADV)', '(อย่าง - NOUN)', '(เดียว - ADJ)'], ['(พระอาทิตย์ - NOUN)', '(ตก - VERB)', '(*นาน - ADV)', '(เกินไป - VERB)'], ['(แต่ - CCONJ)', '(มัน - PRON)', '(ก็ - ADV)', '(สวย - VERB)', '(พอ - ADV)', '(ที่ - DET)', '(จะ - VERB)', '(ทำให้ - VERB)', '(คุณ - PRON)', '(อยาก - VERB)', '(เห็น - VERB)', '(มัน - PRON)', '(ทุก - DET)', '(วันที่ - NOUN)', '(คุณ - NOUN)', '(อยู่ - VERB)', '(ใน - ADP)', '(เมือง - NOUN)']]","{'(วิว - NOUN)': 1, '(ตอน - NOUN)': 1, '(พระอาทิตย์ - NOUN)': 2, '(สถานที่ - NOUN)': 1, '(ภาพ - NOUN)': 1, '(แม้กระทั่ง - NOUN)': 1, '(การ - NOUN)': 1, '(อย่าง - NOUN)': 1, '(วันที่ - NOUN)': 1, '(คุณ - NOUN)': 1, '(เมือง - NOUN)': 1}",11,12,"{'(สวย - VERB)': 2, '(ตก - VERB)': 2, '(สมบูรณ์แบบ - VERB)': 1, '(คู่รัก - VERB)': 1, '(โรแมนติก - VERB)': 1, '(ดู - VERB)': 1, '(เกินไป - VERB)': 1, '(จะ - VERB)': 1, '(ทำให้ - VERB)': 1, '(อยาก - VERB)': 1, '(เห็น - VERB)': 1, '(อยู่ - VERB)': 1}",12,14,{'(เดียว - ADJ)': 1},1,1,"{'(มาก - ADV)': 1, '(เพียง - ADV)': 1, '(*นาน - ADV)': 1, '(ก็ - ADV)': 1, '(พอ - ADV)': 1}",5,5
